voltage_V,E_V_per_m,F_Migliorero_Musha_N,kgf_Migliorero_Musha,F_electrostatic_pressure_internal_N,kgf_electrostatic_pressure_internal,F_EHD_air_schematic_N,F_EVRT_residual_chi_1e-4_N
1000.0,1000000.0,15.268701208554196,1.5569742173478403,751038.7877835691,76584.6428478195,1e-12,75.10387877835693
1331.103678929766,1331103.678929766,20.324224351185855,2.072494108710503,1330718.3156795616,135695.504140513,1.7718370040603575e-12,133.0718315679562
1662.2073578595318,1662207.3578595319,25.37974749381751,2.5880140000731657,2075070.0767511735,211598.26003285256,2.762933300522366e-12,207.50700767511736
1993.3110367892975,1993311.0367892976,30.435270636449168,3.103533891435829,2984094.0709984037,304292.91052483814,3.973288889386024e-12,298.4094070998404
2324.4147157190637,2324414.7157190638,35.490793779080825,3.6190537827984914,4057790.2984212544,413779.4556164699,5.402903770651336e-12,405.77902984212545
2655.5183946488296,2655518.3946488295,40.54631692171248,4.134573674161154,5296158.759019723,540057.8953077476,7.051777944318298e-12,529.6158759019723
2986.622073578595,2986622.073578595,45.60184006434414,4.650093565523817,6699199.4527938105,683128.2295986714,8.919911410386907e-12,669.9199452793812
3317.725752508361,3317725.752508361,50.65736320697579,5.165613456886479,8266912.379743516,842990.4584892412,1.100730416885717e-11,826.6912379743517
3648.829431438127,3648829.4314381266,55.712886349607444,5.6811333482491415,9999297.539868841,1019644.5819794569,1.3313956219729086e-11,999.9297539868842
3979.933110367893,3979933.110367893,60.76840949223911,6.1966532396118055,11896354.933169786,1213090.600069319,1.5839867563002652e-11,1189.6354933169787
4311.036789297659,4311036.789297659,65.82393263487077,6.7121731309744685,13958084.559646353,1423328.5127588273,1.8585038198677874e-11,1395.8084559646354
4642.140468227424,4642140.468227424,70.8794557775024,7.227693022337129,16184486.41929853,1650358.3200479809,2.1549468126754733e-11,1618.448641929853
4973.24414715719,4973244.14715719,75.93497892013407,7.743212913699793,18575560.512126338,1894180.0219367815,2.473315734723325e-11,1857.5560512126335
5304.347826086956,5304347.826086956,80.99050206276573,8.258732805062456,21131306.83812976,2154793.6184252277,2.813610586011342e-11,2113.130683812976
5635.451505016722,5635451.505016722,86.04602520539738,8.774252696425119,23851725.397308797,2432199.10951332,3.175831366539524e-11,2385.1725397308796
5966.555183946488,5966555.1839464875,91.10154834802904,9.289772587787782,26736816.18966345,2726396.4952010578,3.5599780763078704e-11,2673.6816189663455
6297.658862876254,6297658.862876254,96.1570714906607,9.805292479150443,29786579.21519374,3037385.775488443,3.966050715316383e-11,2978.657921519374
6628.76254180602,6628762.54180602,101.21259463329235,10.320812370513107,33001014.473899633,3365166.950375473,4.3940492835650605e-11,3300.1014473899636
6959.866220735786,6959866.220735786,106.26811777592401,10.83633226187577,36380121.96578115,3709740.0198621503,4.843973781053903e-11,3638.0121965781154
7290.969899665552,7290969.899665551,111.32364091855567,11.351852153238433,39923901.690838285,4071104.9839484724,5.31582420778291e-11,3992.390169083829
7622.0735785953175,7622073.578595317,116.37916406118732,11.867372044601096,43632353.64907104,4449261.842634441,5.8096005637520835e-11,4363.235364907104
7953.177257525083,7953177.257525084,121.434687203819,12.382891935963759,47505477.84047942,4844210.595920056,6.32530284896142e-11,4750.5477840479425
8284.280936454848,8284280.936454848,126.49021034645062,12.89841182732642,51543274.265063405,5255951.243805316,6.862931063410922e-11,5154.327426506341
8615.384615384615,8615384.615384616,131.54573348908232,13.413931718689087,55745742.922823034,5684483.786290226,7.422485207100592e-11,5574.574292282305
8946.48829431438,8946488.29431438,136.60125663171397,13.929451610051748,60112883.81375825,6129808.223374777,8.003965280030424e-11,6011.288381375825
9277.591973244147,9277591.973244147,141.6567797743456,14.44497150141441,64644696.93786912,6591924.555058978,8.607371282200424e-11,6464.469693786912
9608.695652173912,9608695.652173912,146.71230291697728,14.960491392777074,69341182.29515556,7070832.781342819,9.232703213610585e-11,6934.118229515558
9939.799331103679,9939799.331103679,151.76782605960892,15.476011284139735,74202339.88561766,7566532.902226312,9.879961074260915e-11,7420.233988561767
10270.903010033444,10270903.010033444,156.8233492022406,15.991531175502399,79228169.70925535,8079024.917709447,1.0549144864151407e-10,7922.816970925535
10602.00668896321,10602006.68896321,161.87887234487224,16.50705106686506,84418671.7660687,8608308.827792233,1.1240254583282068e-10,8441.867176606871
10933.110367892976,10933110.367892975,166.93439548750388,17.02257095822772,89773846.05605762,9154384.632474659,1.195329023165289e-10,8977.384605605763
11264.214046822743,11264214.046822742,171.98991863013555,17.538090849590386,95293692.57922219,9717252.331756735,1.268825180926388e-10,9529.36925792222
11595.317725752508,11595317.725752508,177.04544177276722,18.05361074095305,100978211.33556241,10296911.925638461,1.3445139316115033e-10,10097.82113355624
11926.421404682273,11926421.404682273,182.10096491539886,18.569130632315712,106827402.32507816,10893363.414119823,1.4223952752206347e-10,10682.740232507816
12257.52508361204,12257525.08361204,187.15648805803053,19.084650523678377,112841265.5477696,11506606.79720084,1.5024692117537834e-10,11284.126554776962
12588.628762541804,12588628.762541804,192.21201120066215,19.600170415041035,119019801.00363663,12136642.074881498,1.584735741210948e-10,11901.980100363666
12919.732441471571,12919732.441471571,197.26753434329385,20.1156903064037,125363008.6926793,12783469.247161804,1.6691948635921298e-10,12536.300869267932
13250.836120401336,13250836.120401336,202.32305748592546,20.63121019776636,131870888.61489756,13447088.314041754,1.7558465788973276e-10,13187.088861489758
13581.939799331103,13581939.799331103,207.37858062855716,21.146730089129026,138543440.77029148,14127499.275521355,1.8446908871265423e-10,13854.344077029149
13913.043478260868,13913043.478260867,212.43410377118877,21.662249980491687,145380665.15886098,14824702.131600596,1.935727788279773e-10,14538.066515886096
14244.147157190635,14244147.157190634,217.48962691382047,22.177769871854352,152382561.78060615,15538696.88227949,2.0289572823570205e-10,15238.256178060616
14575.2508361204,14575250.8361204,222.54515005645212,22.693289763217013,159549130.6355269,16269483.527558025,2.1243793693582842e-10,15954.91306355269
14906.354515050167,14906354.515050167,227.6006731990838,23.208809654579678,166880371.7236233,17017062.06743621,2.2219940492835652e-10,16688.037172362332
15237.458193979932,15237458.193979932,232.65619634171543,23.72432954594234,174376285.04489523,17781432.50191403,2.3218013221328619e-10,17437.628504489527
15568.561872909699,15568561.872909699,237.7117194843471,24.239849437305004,182036870.59934288,18562594.83099151,2.4238011879061755e-10,18203.687059934287
15899.665551839464,15899665.551839463,242.76724262697874,24.755369328667665,189862128.3869661,19360549.05466863,2.5279936466035055e-10,18986.21283869661
16230.76923076923,16230769.23076923,247.8227657696104,25.27088922003033,197852058.40776497,20175295.1729454,2.6343786982248523e-10,19785.2058407765
16561.872909698995,16561872.909698995,252.87828891224203,25.786409111392988,206006660.66173938,21006833.185821805,2.7429563427702147e-10,20600.66606617394
16892.97658862876,16892976.58862876,257.9338120548737,26.301929002755656,214325935.1488895,21855163.093297865,2.8537265802395943e-10,21432.59351488895
17224.08026755853,17224080.26755853,262.98933519750545,26.817448894118325,222809881.8692153,22720284.89537358,2.966689410632991e-10,22280.98818692153
17555.183946488294,17555183.946488295,268.04485834013707,27.332968785480983,231458500.82271656,23602198.592048924,3.0818448339504037e-10,23145.850082271656
17886.28762541806,17886287.62541806,273.1003814827687,27.84848867684364,240271792.0093935,24500904.18332392,3.1991928501918324e-10,24027.179200939354
18217.391304347824,18217391.304347824,278.1559046254003,28.3640085682063,249249755.4292461,25416401.669198565,3.318733459357277e-10,24924.97554292461
18548.49498327759,18548494.98327759,283.21142776803197,28.879528459568963,258392391.08227417,26348691.049672842,3.4404666614467393e-10,25839.239108227423
18879.598662207358,18879598.662207358,288.2669509106637,29.395048350931635,267699698.9684781,27297772.32474679,3.5643924564602186e-10,26769.96989684781
19210.702341137123,19210702.341137122,293.3224740532953,29.910568242294293,277171679.0878575,28263645.49442037,3.6905108443977136e-10,27717.16790878575
19541.806020066888,19541806.020066887,298.3779971959269,30.42608813365695,286808331.44041246,29246310.558693588,3.8188218252592253e-10,28680.833144041255
19872.909698996653,19872909.698996652,303.4335203385586,30.941608025019615,296609656.0261431,30245767.517566457,3.9493253990447526e-10,29660.965602614317
20204.01337792642,20204013.37792642,308.48904348119027,31.45712791638228,306575652.84504944,31262016.371038985,4.082021565754298e-10,30657.565284504944
20535.117056856187,20535117.056856185,313.54456662382194,31.972647807744945,316706321.8971313,32295057.119111147,4.216910325387859e-10,31670.632189713135
20866.22073578595,20866220.73578595,318.60008976645355,32.4881676991076,327001663.18238884,33344889.76178296,4.3539916779454364e-10,32700.16631823888
21197.324414715717,21197324.414715715,323.6556129090852,33.003687590470264,337461676.70082194,34411514.299054414,4.49326562342703e-10,33746.16767008219
21528.428093645485,21528428.093645483,328.7111360517169,33.51920748183293,348086362.4524308,35494930.73092552,4.6347321618326424e-10,34808.636245243084
21859.53177257525,21859531.772575248,333.7666591943485,34.03472737319559,358875720.4372151,36595139.05739627,4.778391293162269e-10,35887.57204372151
22190.635451505015,22190635.451505017,338.82218233698023,34.55024726455826,369829750.65517515,37712139.27846667,4.924243017415912e-10,36982.975065517516
22521.73913043478,22521739.13043478,343.8777054796119,35.06576715592092,380948453.1063108,38845931.39413671,5.072287334593572e-10,38094.84531063108
22852.842809364545,22852842.809364546,348.9332286222435,35.58128704728358,392231827.79062194,39996515.40440639,5.222524244695248e-10,39223.1827790622
23183.946488294314,23183946.488294315,353.9887517648752,36.096806938646246,403679874.7081089,41163891.30927574,5.374953747720943e-10,40367.98747081089
23515.05016722408,23515050.16722408,359.0442749075068,36.612326830008904,415292593.8587713,42348059.10874471,5.529575843670652e-10,41529.25938587714
23846.153846153844,23846153.846153844,364.09979805013853,37.127846721371576,427069985.2426093,43549018.80281333,5.686390532544378e-10,42706.99852426093
24177.25752508361,24177257.52508361,369.15532119277015,37.64336661273423,439012048.859623,44766770.3914816,5.84539781434212e-10,43901.20488596231
24508.361204013378,24508361.204013377,374.2108443354018,38.1588865040969,451118784.7098124,46001313.87474953,6.006597689063881e-10,45111.87847098124
24839.464882943143,24839464.882943142,379.26636747803343,38.674406395459556,463390192.7931774,47252649.2526171,6.169990156709656e-10,46339.01927931775
25170.568561872908,25170568.561872907,384.3218906206651,39.18992628682222,475826273.1097179,48520776.5250843,6.335575217279448e-10,47582.627310971795
25501.672240802673,25501672.24080267,389.3774137632968,39.705446178184886,488427025.659434,49805695.692151144,6.503352870773256e-10,48842.70256594341
25832.77591973244,25832775.91973244,394.43293690592844,40.22096606954755,501192450.44232595,51107406.75381766,6.673323117191082e-10,50119.2450442326
26163.879598662206,26163879.598662205,399.48846004856006,40.73648596091021,514122547.45839334,52425909.710083805,6.845485956532925e-10,51412.254745839346
26494.98327759197,26494983.27759197,404.5439831911917,41.25200585227287,527217316.7076363,53761204.560949594,7.019841388798783e-10,52721.731670763635
26826.086956521736,26826086.956521735,409.5995063338234,41.76752574363554,540476758.1900549,55113291.30641503,7.196389413988656e-10,54047.67581900549
27157.190635451505,27157190.635451503,414.65502947645507,42.2830456349982,553900871.9056493,56482169.946480125,7.37513003210255e-10,55390.08719056495
27488.29431438127,27488294.314381268,419.7105526190867,42.79856552636086,567489657.8544191,57867840.48114485,7.556063243140457e-10,56748.96578544193
27819.397993311035,27819397.993311033,424.76607576171835,43.314085417723525,581243116.0363646,59270302.91040922,7.73918904710238e-10,58124.31160363646
28150.5016722408,28150501.6722408,429.82159890435,43.82960530908618,595161246.4514859,60689557.23427326,7.924507443988321e-10,59516.12464514859
28481.605351170565,28481605.351170566,434.8771220469817,44.34512520044885,609244049.0997827,62125603.452736944,8.112018433798278e-10,60924.40490997827
28812.709030100334,28812709.030100334,439.93264518961337,44.86064509181151,623491523.9812552,63578441.56580027,8.301722016532253e-10,62349.15239812553
29143.8127090301,29143812.7090301,444.98816833224504,45.37616498317418,637903671.095903,65048071.57346322,8.493618192190243e-10,63790.36710959032
29474.916387959864,29474916.387959864,450.04369147487665,45.891684874536836,652480490.4437267,66534493.47572583,8.68770696077225e-10,65248.04904437267
29806.02006688963,29806020.06688963,455.09921461750827,46.40720476589949,667221982.0247258,68037707.27258807,8.883988322278273e-10,66722.19820247259
30137.123745819397,30137123.745819397,460.15473776014,46.922724657262165,682128145.8389007,69557712.96404998,9.082462276708313e-10,68212.81458389008
30468.227424749162,30468227.424749162,465.21026090277167,47.43824454862483,697198981.8862512,71094510.55011153,9.283128824062371e-10,69719.89818862513
30799.331103678927,30799331.103678927,470.2657840454033,47.95376443998749,712434490.1667773,72648100.03077272,9.485987964340443e-10,71243.44901667773
31130.434782608692,31130434.78260869,475.3213071880349,48.469284331350146,727834670.6804788,74218481.40603355,9.691039697542531e-10,72783.46706804789
31461.53846153846,31461538.46153846,480.37683033066656,48.98480422271281,743399523.4273564,75805654.67589405,9.89828402366864e-10,74339.95234273563
31792.642140468226,31792642.140468225,485.4323534732983,49.50032411407548,759129048.4074092,77409619.84035417,1.010772094271876e-09,75912.90484074093
32123.74581939799,32123745.81939799,490.4878766159299,50.01584400543814,775023245.6206378,79030376.89941396,1.03193504546929e-09,77502.32456206378
32454.849498327756,32454849.498327754,495.5433997585615,50.5313638968008,791082115.0670419,80667925.85307336,1.0533172559591055e-09,79108.21150670419
32785.95317725752,32785953.17725752,500.59892290119313,51.046883788163456,807305656.7466216,82322266.70133244,1.0749187257413226e-09,80730.56567466218
33117.05685618729,33117056.85618729,505.6544460438249,51.562403679526135,823693870.6593772,83993399.44419116,1.0967394548159418e-09,82369.38706593774
33448.16053511706,33448160.535117056,510.7099691864566,52.0779235708888,840246756.8053083,85681324.08164953,1.1187794431829622e-09,84024.67568053084
33779.26421404682,33779264.21404682,515.7654923290883,52.593443462251464,856964315.184415,87386040.61370754,1.1410386908423844e-09,85696.43151844152
34110.36789297659,34110367.89297659,520.8210154717199,53.10896335361412,873846545.7966974,89107549.0403652,1.1635171977942082e-09,87384.65457966976
34441.47157190635,34441471.57190635,525.8765386143515,53.62448324497678,890893448.6421549,90845849.36162247,1.1862149640384336e-09,89089.34486421551
34772.57525083612,34772575.25083612,530.9320617569832,54.140003136339445,908105023.7207887,92600941.57747944,1.2091319895750607e-09,90810.50237207887
35103.67892976588,35103678.92976588,535.9875848996148,54.65552302770211,925481271.0325975,94372825.68793601,1.2322682744040894e-09,92548.12710325977
35434.78260869565,35434782.60869565,541.0431080422464,55.17104291906477,943022190.5775824,96161501.69299224,1.2556238185255197e-09,94302.21905775825
35765.88628762541,35765886.28762541,546.0986311848781,55.686562810427425,960727782.3557426,97966969.59264812,1.2791986219393516e-09,96072.77823557425
36096.98996655518,36096989.96655518,551.1541543275097,56.20208270179008,978598046.3670788,99789229.38690367,1.3029926846455853e-09,97859.8046367079
36428.09364548495,36428093.64548495,556.2096774701414,56.717602593152755,996632982.6115904,101628281.07575884,1.327006006644221e-09,99663.29826115906
36759.197324414716,36759197.324414715,561.2652006127731,57.23312248451542,1014832591.0892779,103484124.65921369,1.351238587935258e-09,101483.25910892778
37090.30100334448,37090301.003344476,566.3207237554046,57.74864237587807,1033196871.8001404,105356760.13726813,1.3756904285186966e-09,103319.68718001405
37421.404682274246,37421404.682274245,571.3762468980365,58.26416226724075,1051725824.744179,107246187.50992225,1.4003615283945368e-09,105172.58247441791
37752.50836120401,37752508.36120401,576.4317700406682,58.77968215860342,1070419449.9213933,109152406.77717604,1.4252518875627789e-09,107041.94499213934
38083.612040133776,38083612.040133774,581.4872931832997,59.295202049966065,1089277747.3317828,111075417.93902943,1.4503615060234223e-09,108927.77473317829
38414.71571906354,38414715.71906354,586.5428163259314,59.81072194132874,1108300716.9753482,113015220.99548249,1.4756903837764676e-09,110830.07169753483
38745.819397993306,38745819.397993304,591.5983394685629,60.32624183269139,1127488358.852089,114971815.94653516,1.5012385208219145e-09,112748.8358852089
39076.92307692307,39076923.07692307,596.6538626111947,60.84176172405405,1146840672.9620056,116945202.79218751,1.527005917159763e-09,114684.06729620056
39408.02675585284,39408026.75585284,601.7093857538264,61.357281615416724,1166357659.305098,118935381.53243953,1.5529925727900137e-09,116635.7659305098
39739.13043478261,39739130.43478261,606.764908896458,61.87280150677938,1186039317.881366,120942352.16729118,1.5791984877126655e-09,118603.9317881366
40070.23411371237,40070234.11371237,611.8204320390896,62.38832139814204,1205885648.690809,122966114.69674243,1.605623661927719e-09,120588.5648690809
40401.33779264214,40401337.79264214,616.8759551817213,62.90384128950471,1225896651.7334282,125006669.12079337,1.632268095435174e-09,122589.66517334283
40732.4414715719,40732441.4715719,621.931478324353,63.41936118086737,1246072327.0092225,127064015.4394439,1.6591317882350308e-09,124607.23270092228
41063.54515050167,41063545.15050167,626.9870014669847,63.93488107223004,1266412674.518193,129138153.65269415,1.6862147403272892e-09,126641.26745181931
41394.64882943143,41394648.82943143,632.0425246096162,64.45040096359268,1286917694.2603385,131229083.76054399,1.7135169517119493e-09,128691.76942603386
41725.7525083612,41725752.5083612,637.0980477522479,64.96592085495536,1307587386.2356603,133336805.76299351,1.741038422389011e-09,130758.73862356604
42056.85618729097,42056856.18729097,642.1535708948796,65.48144074631803,1328421750.4441576,135461319.6600427,1.7687791523584748e-09,132842.17504441578
42387.959866220735,42387959.866220735,647.2090940375112,65.99696063768069,1349420786.8858304,137602625.4516915,1.79673914162034e-09,134942.07868858307
42719.0635451505,42719063.545150496,652.2646171801429,66.51248052904334,1370584495.5606785,139760723.13793993,1.8249183901746065e-09,137058.44955606788
43050.167224080265,43050167.224080265,657.3201403227746,67.02800042040602,1391912876.4687028,141935612.71878806,1.853316898021275e-09,139191.28764687027
43381.27090301003,43381270.90301003,662.3756634654062,67.54352031176867,1413405929.6099026,144127294.19423583,1.8819346651603448e-09,141340.59296099027
43712.374581939795,43712374.581939794,667.4311866080378,68.05904020313133,1435063654.9842775,146335767.56428316,1.9107716915918167e-09,143506.36549842777
44043.47826086956,44043478.26086956,672.4867097506695,68.574560094494,1456886052.5918286,148561032.82893023,1.9398279773156897e-09,145688.60525918286
44374.581939799325,44374581.93979932,677.5422328933012,69.09007998585666,1478873122.4325547,150803089.98817688,1.9691035223319645e-09,147887.31224325547
44705.68561872909,44705685.61872909,682.5977560359329,69.60559987721933,1501024864.506457,153061939.04202324,1.998598326640641e-09,150102.4864506457
45036.78929765886,45036789.29765886,687.6532791785645,70.12111976858199,1523341278.8135347,155337579.99046922,2.02831239024172e-09,152334.1278813535
45367.89297658863,45367892.97658863,692.7088023211962,70.63663965994466,1545822365.3537881,157630012.83351484,2.0582457131352e-09,154582.23653537882
45698.99665551839,45698996.65551839,697.7643254638278,71.15215955130732,1568468124.127217,159939237.5711601,2.0883982953210812e-09,156846.81241272172
46030.10033444816,46030100.33444816,702.8198486064595,71.66767944266998,1591278555.1338217,162265254.20340502,2.1187701367993643e-09,159127.85551338218
46361.20401337792,46361204.01337792,707.8753717490911,72.18319933403264,1614253658.3736014,164608062.73024952,2.1493612375700493e-09,161425.36583736018
46692.30769230769,46692307.69230769,712.9308948917227,72.6987192253953,1637393433.8465576,166967663.15169376,2.180171597633136e-09,163739.34338465575
47023.41137123745,47023411.37123745,717.9864180343543,73.21423911675795,1660697881.5526886,169344055.4677376,2.2112012169886238e-09,166069.78815526888
47354.51505016722,47354515.05016722,723.0419411769861,73.72975900812064,1684167001.4919958,171737239.6783811,2.2424500956365138e-09,168416.70014919958
47685.61872909699,47685618.72909699,728.0974643196178,74.2452788994833,1707800793.664479,174147215.7836243,2.2739182335768056e-09,170780.0793664479
48016.722408026755,48016722.408026755,733.1529874622495,74.76079879084595,1731599258.070137,176573983.78346705,2.305605630809499e-09,173159.9258070137
48347.82608695652,48347826.086956516,738.2085106048811,75.27631868220861,1755562394.7089705,179017543.67790943,2.3375122873345935e-09,175556.2394708971
48678.929765886285,48678929.765886284,743.2640337475127,75.79183857357128,1779690203.5809803,181477895.46695155,2.36963820315209e-09,177969.02035809803
49010.03344481605,49010033.444816045,748.3195568901443,76.30735846493394,1803982684.6861653,183955039.15059325,2.401983378261988e-09,180398.26846861656
49341.137123745815,49341137.123745814,753.3750800327759,76.8228783562966,1828439838.0245264,186448974.72883466,2.4345478126642875e-09,182843.98380245265
49672.24080267558,49672240.80267558,758.4306031754077,77.33839824765926,1853061663.5960627,188959702.20167568,2.467331506358989e-09,185306.1663596063
50003.344481605345,50003344.48160534,763.4861263180393,77.85391813902193,1877848161.4007745,191487221.56911632,2.500334459346092e-09,187784.81614007746
50334.44816053511,50334448.16053511,768.5416494606709,78.36943803038459,1902799331.438662,194031532.83115664,2.5335566716255968e-09,190279.93314386625
50665.55183946488,50665551.83946488,773.5971726033027,78.88495792174726,1927915173.7097254,196592635.9877966,2.5669981431975038e-09,192791.51737097255
50996.65551839465,50996655.51839465,778.6526957459345,79.40047781310993,1953195688.2139647,199170531.03903624,2.600658874061812e-09,195319.5688213965
51327.75919732441,51327759.19732441,783.708218888566,79.91599770447257,1978640874.9513788,201765217.98487547,2.634538864218521e-09,197864.08749513788
51658.86287625418,51658862.87625418,788.7637420311977,80.43151759583525,2004250733.921969,204376696.82531437,2.6686381136676325e-09,200425.0733921969
51989.96655518394,51989966.55518394,793.8192651738292,80.94703748719789,2030025265.1257343,207004967.56035286,2.702956622409145e-09,203002.52651257344
52321.07023411371,52321070.23411371,798.8747883164609,81.46255737856056,2055964468.562676,209650030.1899911,2.7374943904430596e-09,205596.4468562676
52652.17391304347,52652173.91304347,803.9303114590925,81.97807726992322,2082068344.2327921,212311884.71422884,2.772251417769376e-09,208206.83442327922
52983.27759197324,52983277.59197324,808.9858346017242,82.49359716128588,2108336892.1360853,214990531.1330664,2.8072277043880936e-09,210833.68921360854
53314.38127090301,53314381.270903006,814.0413577443559,83.00911705264855,2134770112.2725534,217685969.4465035,2.8424232502992136e-09,213477.01122725537
53645.484949832775,53645484.949832775,819.0968808869876,83.52463694401122,2161368004.6421976,220398199.6545403,2.877838055502735e-09,216136.80046421976
53976.58862876254,53976588.628762536,824.1524040296192,84.04015683537388,2188130569.245017,223127221.75717673,2.913472119998658e-09,218813.05692450173
54307.692307692305,54307692.307692304,829.207927172251,84.55567672673655,2215057806.0810122,225873035.7544128,2.9493254437869823e-09,221505.78060810122
54638.79598662207,54638795.986622065,834.2634503148824,85.0711966180992,2242149715.1501822,228635641.64624846,2.9853980268677083e-09,224214.97151501823
54969.899665551835,54969899.665551834,839.3189734575142,85.58671650946187,2269406296.4525285,231415039.4326838,3.0216898692408357e-09,226940.62964525292
55301.0033444816,55301003.3444816,844.3744966001459,86.10223640082454,2296827549.988051,234211229.11371887,3.058200970906365e-09,229682.75499880515
55632.107023411365,55632107.02341136,849.4300197427774,86.61775629218718,2324413475.7567477,237024210.68935344,3.094931331864296e-09,232441.34757567482
55963.21070234113,55963210.70234113,854.4855428854091,87.13327618354985,2352164073.758621,239853984.15958777,3.131880952114629e-09,235216.40737586212
56294.3143812709,56294314.3812709,859.5410660280409,87.64879607491253,2380079343.99367,242700549.5244217,3.169049831657364e-09,238007.93439936705
56625.41806020067,56625418.06020067,864.5965891706725,88.16431596627518,2408159286.461895,245563906.78385535,3.2064379704925002e-09,240815.92864618957
56956.52173913043,56956521.73913043,869.6521123133042,88.67983585763785,2436403901.163295,248444055.93788856,3.2440453686200378e-09,243640.39011632948
57287.6254180602,57287625.4180602,874.7076354559359,89.19535574900053,2464813188.0978703,251340996.98652145,3.2818720260399767e-09,246481.3188097871
57618.72909698996,57618729.09698996,879.7631585985674,89.71087564036317,2493387147.265621,254254729.92975393,3.3199179427523183e-09,249338.71472656212
57949.83277591973,57949832.77591973,884.8186817411992,90.22639553172584,2522125778.6665483,257185254.7675861,3.35818311875706e-09,252212.57786665484
58280.93645484949,58280936.45484949,889.8742048838307,90.74191542308849,2551029082.30065,260132571.50001788,3.3966675540542046e-09,255102.90823006508
58612.04013377926,58612040.13377926,894.9297280264624,91.25743531445116,2580097058.1679287,263096680.1270494,3.4353712486437504e-09,258009.70581679288
58943.14381270903,58943143.812709026,899.9852511690941,91.77295520581383,2609329706.2683825,266077580.6486805,3.474294202525699e-09,260932.97062683827
59274.247491638795,59274247.491638795,905.0407743117257,92.28847509717649,2638727026.602012,269075273.0649113,3.5134364157000484e-09,263872.70266020123
59605.35117056856,59605351.170568556,910.0962974543573,92.80399498853915,2668289019.168817,272089757.37574166,3.552797888166799e-09,266828.90191688173
59936.454849498325,59936454.849498324,915.151820596989,93.3195148799018,2698015683.968797,275121033.5811717,3.5923786199259512e-09,269801.5683968797
60267.55852842809,60267558.528428085,920.2073437396207,93.83503477126447,2727907021.001953,278169101.68120134,3.6321786109775054e-09,272790.7021001954
60598.662207357855,60598662.20735785,925.2628668822524,94.35055466262715,2757963030.2682853,281233961.6758307,3.6721978613214613e-09,275796.30302682857
60929.76588628762,60929765.886287615,930.3183900248839,94.86607455398979,2788183711.767792,284315613.56505966,3.7124363709578187e-09,278818.3711767792
61260.869565217385,61260869.56521738,935.3739131675156,95.38159444535246,2818569065.500476,287414057.34888834,3.752894139886578e-09,281856.9065500476
61591.97324414715,61591973.24414715,940.4294363101474,95.89711433671513,2849119091.4663343,290529293.02731663,3.7935711681077385e-09,284911.9091466335
61923.07692307692,61923076.92307692,945.484959452779,96.41263422807779,2879833789.665369,293661320.6003446,3.834467455621302e-09,287983.3789665369
62254.18060200669,62254180.60200669,950.5404825954107,96.92815411944046,2910713160.097579,296810140.0679722,3.875583002427266e-09,291071.3160097579
62585.28428093645,62585284.28093645,955.5960057380422,97.44367401080311,2941757202.7629642,299975751.4301993,3.916917808525631e-09,294175.72027629643
62916.38795986622,62916387.95986622,960.6515288806739,97.95919390216578,2972965917.6615257,303158154.68702626,3.9584718739163984e-09,297296.5917661526
63247.49163879598,63247491.63879598,965.7070520233056,98.47471379352844,3004339304.793262,306357349.8384527,4.000245198599568e-09,300433.9304793263
63578.59531772575,63578595.31772575,970.7625751659373,98.99023368489111,3035877364.1581745,309573336.88447887,4.042237782575138e-09,303587.73641581746
63909.69899665551,63909698.99665551,975.8180983085689,99.50575357625377,3067580095.756262,312806115.8251046,4.084449625843111e-09,306758.0095756262
64240.80267558528,64240802.67558528,980.8736214512006,100.02127346761642,3099447499.587526,316055686.66033006,4.126880728403485e-09,309944.7499587526
64571.90635451504,64571906.35451504,985.9291445938321,100.53679335897908,3131479575.6519647,319322049.39015514,4.1695310902562604e-09,313147.9575651965
64903.010033444814,64903010.033444814,990.984667736464,101.05231325034175,3163676323.94958,322605204.01457995,4.2124007114014385e-09,316367.63239495805
65234.11371237458,65234113.712374575,996.0401908790955,101.56783314170441,3196037744.4803705,325905150.5336043,4.2554895918390175e-09,319603.7744480371
65565.21739130435,65565217.39130435,1001.0957140217273,102.08335303306708,3228563837.2443376,329221888.94722843,4.298797731568998e-09,322856.3837244338
65896.32107023412,65896321.07023411,1006.1512371643589,102.59887292442974,3261254602.241479,332555419.2554521,4.342325130591381e-09,326125.4602241479
66227.42474916388,66227424.74916388,1011.2067603069905,103.1143928157924,3294110039.4717965,335905741.45827544,4.386071788906165e-09,329411.00394717965
66558.52842809365,66558528.42809364,1016.2622834496221,103.62991270715506,3327130148.935289,339272855.55569834,4.430037706513351e-09,332713.0148935289
66889.63210702341,66889632.10702341,1021.317806592254,104.14543259851774,3360314930.631958,342656761.547721,4.4742228834129376e-09,336031.49306319584
67220.73578595318,67220735.78595318,1026.3733297348856,104.6609524898804,3393664384.561802,346057459.4343432,4.518627319604927e-09,339366.4384561803
67551.83946488294,67551839.46488294,1031.428852877517,105.17647238124304,3427178510.724821,349474949.2155651,4.563251015089317e-09,342717.8510724821
67882.9431438127,67882943.1438127,1036.4843760201488,105.69199227260572,3460857309.1210165,352909230.8913866,4.608093969866109e-09,346085.7309121017
68214.04682274247,68214046.82274248,1041.5398991627806,106.20751216396839,3494700779.7503886,356360304.46180797,4.653156183935303e-09,349470.0779750389
68545.15050167224,68545150.50167224,1046.5954223054123,106.72303205533106,3528708922.612935,359828169.92682874,4.698437657296898e-09,352870.89226129354
68876.254180602,68876254.180602,1051.6509454480438,107.2385519466937,3562881737.7086563,363312827.28644913,4.743938389950895e-09,356288.1737708656
69207.35785953177,69207357.85953176,1056.7064685906755,107.75407183805638,3597219225.0375543,366814276.54066926,4.7896583818972934e-09,359721.9225037554
69538.46153846153,69538461.53846154,1061.7619917333072,108.26959172941905,3631721384.599628,370332517.68948907,4.8355976331360945e-09,363172.13845996285
69869.5652173913,69869565.2173913,1066.8175148759387,108.78511162078169,3666388216.3948774,373867550.73290855,4.881756143667296e-09,366638.82163948775
70200.66889632106,70200668.89632106,1071.8730380185702,109.30063151214434,3701219720.4233017,377419375.6709276,4.9281339134909e-09,370121.9720423302
70531.77257525083,70531772.57525082,1076.928561161202,109.816151403507,3736215896.6849017,380987992.50354624,4.9747309426069055e-09,373621.58966849017
70862.87625418059,70862876.2541806,1081.9840843038337,110.33167129486968,3771376745.179678,384573401.2307646,5.0215472310153114e-09,377137.67451796785
71193.97993311036,71193979.93311036,1087.0396074464652,110.84719118623232,3806702265.9076295,388175601.85258263,5.06858277871612e-09,380670.226590763
71525.08361204012,71525083.61204012,1092.095130589097,111.362711077595,3842192458.868757,391794594.3690003,5.115837585709331e-09,384219.2458868757
71856.1872909699,71856187.2909699,1097.1506537317287,111.87823096895767,3877847324.06306,395430378.7800177,5.163311651994945e-09,387784.732406306
72187.29096989967,72187290.96989967,1102.2061768743604,112.39375086032034,3913666861.4905396,399082955.0856347,5.211004977572958e-09,391366.686149054
72518.39464882943,72518394.64882943,1107.261700016992,112.90927075168301,3949651071.1511936,402752323.2858513,5.258917562443373e-09,394965.1071151194
72849.4983277592,72849498.32775919,1112.3172231596236,113.42479064304565,3985799953.045022,406438483.38066745,5.30704940660619e-09,398579.9953045022
73180.60200668896,73180602.00668895,1117.372746302255,113.9403105344083,4022113507.172027,410141435.3700833,5.355400510061408e-09,402211.35071720276
73511.70568561873,73511705.68561873,1122.428269444887,114.455830425771,4058591733.5322094,413861179.25409895,5.403970872809029e-09,405859.173353221
73842.80936454849,73842809.36454849,1127.4837925875186,114.97135031713364,4095234632.1255655,417597715.0327141,5.452760494849051e-09,409523.46321255655
74173.91304347826,74173913.04347825,1132.53931573015,115.48687020849628,4132042202.952097,421351042.70592886,5.501769376181474e-09,413204.2202952097
74505.01672240802,74505016.72240803,1137.594838872782,116.00239009985899,4169014446.011806,425121162.27374345,5.5509975168062996e-09,416901.4446011806
74836.12040133779,74836120.40133779,1142.6503620154137,116.51790999122166,4206151361.304689,428908073.73615754,5.6004449167235266e-09,420615.1361304689
75167.22408026755,75167224.08026755,1147.7058851580452,117.0334298825843,4243452948.8307476,432711777.09317124,5.6501115759331546e-09,424345.2948830748
75498.32775919732,75498327.75919731,1152.7614083006767,117.54894977394694,4280919208.589981,436532272.34478456,5.699997494435185e-09,428091.92085899814
75829.43143812708,75829431.43812709,1157.8169314433087,118.06446966530964,4318550140.582393,440369559.49099773,5.750102672229617e-09,431855.0140582393
76160.53511705685,76160535.11705685,1162.8724545859402,118.57998955667229,4356345744.807979,444223638.53181046,5.8004271093164495e-09,435634.5744807978
76491.63879598661,76491638.79598661,1167.9279777285717,119.09550944803493,4394306021.26674,448094509.46722275,5.850970805695685e-09,439430.602126674
76822.74247491638,76822742.47491637,1172.9835008712034,119.6110293393976,4432430969.958676,451982172.2972347,5.901733761367321e-09,443243.0969958677
77153.84615384614,77153846.15384614,1178.0390240138352,120.12654923076028,4470720590.88379,455886627.0218464,5.952715976331359e-09,447072.059088379
77484.94983277592,77484949.83277592,1183.094547156467,120.64206912212295,4509174884.042079,459807873.6410578,6.003917450587802e-09,450917.48840420804
77816.05351170569,77816053.51170568,1188.1500702990986,121.15758901348562,4547793849.433542,463745912.15486866,6.055338184136643e-09,454779.38494335435
78147.15719063545,78147157.19063544,1193.2055934417301,121.67310890484826,4586577487.058182,467700742.5632792,6.106978176977887e-09,458657.7487058182
78478.26086956522,78478260.86956522,1198.2611165843618,122.18862879621093,4625525796.9159975,471672364.8662895,6.158837429111532e-09,462552.57969159976
78809.36454849498,78809364.54849498,1203.3166397269936,122.70414868757359,4664638779.006988,475660779.0638993,6.210915940537578e-09,466463.8779006988
79140.46822742475,79140468.22742474,1208.372162869625,123.21966857893625,4703916433.331154,479665985.1561088,6.2632137112560255e-09,470391.6433331154
79471.57190635451,79471571.90635452,1213.4276860122568,123.73518847029892,4743358759.888497,483687983.1429181,6.3157307412668756e-09,474335.87598884985
79802.67558528428,79802675.58528428,1218.4832091548885,124.25070836166158,4782965758.679014,487726773.0243268,6.368467030570128e-09,478296.57586790144
80133.77926421404,80133779.26421404,1223.53873229752,124.76622825302424,4822737429.702707,491782354.8003352,6.42142257916578e-09,482273.74297027074
80464.8829431438,80464882.9431438,1228.5942554401515,125.28174814438688,4862673772.959576,495854728.4709433,6.474597387053835e-09,486267.3772959576
80795.98662207357,80795986.62207358,1233.6497785827833,125.79726803574955,4902774788.449621,499943894.0361511,6.527991454234292e-09,490277.47884496214
81127.09030100334,81127090.30100334,1238.705301725415,126.31278792711223,4943040476.172842,504049851.49595857,6.58160478070715e-09,494304.04761728423
81458.1939799331,81458193.9799331,1243.7608248680467,126.8283078184749,4983470836.129236,508172600.85036546,6.635437366472409e-09,498347.08361292374
81789.29765886287,81789297.65886286,1248.8163480106782,127.34382770983754,5024065868.318808,512312142.09937215,6.6894892115300705e-09,502406.5868318809
82120.40133779263,82120401.33779263,1253.8718711533102,127.85934760120023,5064825572.741555,516468475.2429785,6.743760315880134e-09,506482.55727415567
82451.5050167224,82451505.0167224,1258.9273942959417,128.37486749256288,5105749949.397477,520641600.28118443,6.798250679522598e-09,510574.99493974773
82782.60869565216,82782608.69565216,1263.9829174385732,128.8903873839255,5146838998.286575,524831517.21399003,6.852960302457466e-09,514683.8998286576
83113.71237458194,83113712.37458193,1269.0384405812051,129.40590727528823,5188092719.408851,529038226.0413955,6.907889184684736e-09,518809.2719408851
83444.8160535117,83444816.05351171,1274.0939637238369,129.9214271666509,5229511112.764301,533261726.7634005,6.9630373262044055e-09,522951.11127643014
83775.91973244147,83775919.73244147,1279.1494868664684,130.43694705801354,5271094178.352925,537502019.380005,7.018404727016477e-09,527109.4178352926
84107.02341137124,84107023.41137123,1284.2050100091,130.9524669493762,5312841916.174726,541759103.8912091,7.073991387120949e-09,531284.1916174726
84438.127090301,84438127.09030099,1289.2605331517316,131.46798684073886,5354754326.229701,546032980.2970129,7.129797306517825e-09,535475.4326229702
84769.23076923077,84769230.76923077,1294.3160562943633,131.98350673210152,5396831408.517855,550323648.5974165,7.1858224852071e-09,539683.1408517855
85100.33444816053,85100334.44816053,1299.371579436995,132.4990266234642,5439073163.039182,554631108.7924197,7.242066923188779e-09,543907.3163039183
85431.4381270903,85431438.12709029,1304.4271025796265,133.01454651482683,5481479589.793685,558955360.8820224,7.2985306204628575e-09,548147.9589793686
85762.54180602006,85762541.80602007,1309.4826257222583,133.53006640618952,5524050688.781365,563296404.866225,7.35521357702934e-09,552405.0688781366
86093.64548494983,86093645.48494983,1314.5381488648898,134.04558629755215,5566786460.002219,567654240.7450271,7.412115792888222e-09,556678.646000222
86424.74916387959,86424749.16387959,1319.5936720075215,134.56110618891483,5609686903.456248,572028868.5184287,7.469237268039506e-09,560968.6903456248
86755.85284280936,86755852.84280935,1324.649195150153,135.07662608027746,5652752019.143454,576420288.18643,7.526578002483193e-09,565275.2019143454
87086.95652173912,87086956.52173913,1329.7047182927847,135.59214597164015,5695981807.063836,580828499.7490312,7.584137996219281e-09,569598.1807063837
87418.06020066889,87418060.20066889,1334.7602414354164,136.1076658630028,5739376267.217392,585253503.2062317,7.64191724924777e-09,573937.6267217393
87749.16387959865,87749163.87959865,1339.8157645780482,136.6231857543655,5782935399.604124,589695298.558032,7.699915761568662e-09,578293.5399604124
88080.26755852842,88080267.55852841,1344.8712877206797,137.13870564572812,5826659204.224031,594153885.8044319,7.758133533181953e-09,582665.9204224031
88411.37123745818,88411371.23745818,1349.9268108633116,137.6542255370908,5870547681.077117,598629264.9454317,7.816570564087648e-09,587054.7681077117
88742.47491638796,88742474.91638796,1354.9823340059434,138.1697454284535,5914600830.163377,603121435.981031,7.875226854285747e-09,591460.0830163377
89073.57859531773,89073578.59531772,1360.0378571485749,138.68526531981612,5958818651.482812,607630398.9112298,7.934102403776245e-09,595881.8651482812
89404.68227424749,89404682.27424748,1365.0933802912066,139.2007852111788,6003201145.035421,612156153.7360283,7.993197212559144e-09,600320.1145035423
89735.78595317726,89735785.95317726,1370.1489034338383,139.71630510254147,6047748310.82121,616698700.4554267,8.052511280634445e-09,604774.831082121
90066.88963210702,90066889.63210702,1375.2044265764698,140.23182499390413,6092460148.840171,621258039.0694244,8.112044608002148e-09,609246.0148840171
90397.99331103679,90397993.31103678,1380.2599497191015,140.74734488526678,6137336659.092308,625834169.5780219,8.171797194662252e-09,613733.6659092308
90729.09698996655,90729096.98996654,1385.315472861733,141.26286477662944,6182377841.5776205,630427091.9812189,8.231769040614758e-09,618237.7841577622
91060.20066889632,91060200.66889632,1390.3709960043648,141.7783846679921,6227583696.29611,635036806.2790158,8.291960145859665e-09,622758.369629611
91391.30434782608,91391304.34782608,1395.4265191469963,142.29390455935476,6272954223.247774,639663312.4714122,8.352370510396975e-09,627295.4223247776
91722.40802675585,91722408.02675584,1400.482042289628,142.80942445071744,6318489422.432613,644306610.5584081,8.413000134226686e-09,631848.9422432614
92053.51170568561,92053511.70568562,1405.5375654322597,143.3249443420801,6364189293.850631,648966700.5400041,8.473849017348798e-09,636418.9293850632
92384.61538461538,92384615.38461538,1410.5930885748912,143.84046423344276,6410053837.501821,653643582.4161993,8.534917159763313e-09,641005.3837501821
92715.71906354514,92715719.06354514,1415.648611717523,144.35598412480542,6456083053.386187,658337256.1869942,8.596204561470229e-09,645608.3053386187
93046.8227424749,93046822.7424749,1420.7041348601545,144.87150401616807,6502276941.503729,663047721.8523889,8.657711222469545e-09,650227.694150373
93377.92642140467,93377926.42140467,1425.7596580027862,145.38702390753073,6548635501.854448,667774979.4123833,8.719437142761266e-09,654863.5501854449
93709.03010033444,93709030.10033444,1430.815181145418,145.9025437988934,6595158734.438341,672519028.8669772,8.781382322345385e-09,659515.8734438343
94040.1337792642,94040133.7792642,1435.8707042880494,146.41806369025605,6641846639.25541,677279870.2161707,8.84354676122191e-09,664184.6639255411
94371.23745819398,94371237.45819397,1440.9262274306814,146.93358358161873,6688699216.305656,682057503.459964,8.905930459390835e-09,668869.9216305657
94702.34113712375,94702341.13712375,1445.9817505733133,147.44910347298145,6735716465.589078,686851928.5983571,8.96853341685216e-09,673571.6465589078
95033.44481605351,95033444.81605351,1451.0372737159448,147.96462336434408,6782898387.105675,691663145.6313497,9.031355633605889e-09,678289.8387105676
95364.54849498328,95364548.49498327,1456.0927968585763,148.48014325570674,6830244980.855445,696491154.5589417,9.094397109652018e-09,683024.4980855446
95695.65217391304,95695652.17391303,1461.148320001208,148.9956631470694,6877756246.838391,701335955.3811334,9.157657844990547e-09,687775.6246838392
96026.7558528428,96026755.85284281,1466.2038431438398,149.51118303843208,6925432185.054516,706197548.097925,9.22113783962148e-09,692543.2185054516
96357.85953177257,96357859.53177257,1471.2593662864713,150.0267029297947,6973272795.503815,711075932.7093161,9.284837093544814e-09,697327.2795503815
96688.96321070234,96688963.21070233,1476.3148894291028,150.54222282115737,7021278078.186288,715971109.2153068,9.34875560676055e-09,702127.8078186288
97020.0668896321,97020066.88963209,1481.3704125717345,151.05774271252002,7069448033.101937,720883077.6158972,9.412893379268687e-09,706944.8033101938
97351.17056856187,97351170.56856187,1486.4259357143662,151.5732626038827,7117782660.250765,725811837.9110874,9.477250411069227e-09,711778.2660250765
97682.27424749163,97682274.24749163,1491.4814588569977,152.08878249524534,7166281959.632765,730757390.1008769,9.541826702162167e-09,716628.1959632767
98013.3779264214,98013377.92642139,1496.5369819996295,152.60430238660803,7214945931.247941,735719734.1852663,9.606622252547509e-09,721494.5931247942
98344.48160535116,98344481.60535116,1501.5925051422612,153.11982227797068,7263774575.096295,740698870.1642555,9.671637062225253e-09,726377.4575096295
98675.58528428093,98675585.28428093,1506.6480282848927,153.63534216933334,7312767891.177822,745694798.037844,9.7368711311954e-09,731276.7891177824
99006.68896321069,99006688.96321069,1511.7035514275244,154.150862060696,7361925879.492523,750707517.806032,9.802324459457946e-09,736192.5879492525
99337.79264214046,99337792.64214045,1516.759074570156,154.66638195205866,7411248540.040403,755737029.46882,9.867997047012895e-09,741124.8540040404
99668.89632107022,99668896.32107022,1521.8145977127876,155.18190184342131,7460735872.82146,760783333.0262078,9.933888893860246e-09,746073.5872821461
100000.0,100000000.0,1526.8701208554196,155.69742173478403,7510387877.835691,765846428.4781951,1e-08,751038.7877835692
