time_s,drive_on,power_W,candidate_residual_device_N,thermal_lag_force_N,device_measured_force_N,dummy_load_measured_force_N
0.0,0.0,0.0,0.0,0.0,2.384517222547842e-10,-3.7676825452876675e-10
1.0,0.0,0.0,0.0,0.0,-1.1428984383934748e-09,-8.489254195637956e-10
2.0,0.0,0.0,0.0,0.0,-3.323156838994648e-10,2.1577580780594776e-09
3.0,0.0,0.0,0.0,0.0,3.764349760408099e-09,2.3970396730333873e-09
4.0,0.0,0.0,0.0,0.0,-3.394395928407566e-10,-3.4077684671222245e-10
5.0,0.0,0.0,0.0,0.0,8.275846343804279e-10,-4.269387334953712e-09
6.0,0.0,0.0,0.0,0.0,-4.6453865984847045e-10,1.234563160984517e-09
7.0,0.0,0.0,0.0,0.0,1.5142657591366734e-10,1.110720457017151e-09
8.0,0.0,0.0,0.0,0.0,1.203336087214292e-11,6.187831403138901e-10
9.0,0.0,0.0,0.0,0.0,8.96648131946319e-10,1.9629594986162317e-09
10.0,0.0,0.0,0.0,0.0,2.330615071094354e-09,-2.3296561929220802e-09
11.0,0.0,0.0,0.0,0.0,3.294787995206659e-09,4.017510772370278e-09
12.0,0.0,0.0,0.0,0.0,6.192401638183338e-10,-1.918855506283736e-09
13.0,0.0,0.0,0.0,0.0,1.1790937720712044e-09,1.4984458544017093e-09
14.0,0.0,0.0,0.0,0.0,-2.301729018371134e-09,-3.3746953888267033e-09
15.0,0.0,0.0,0.0,0.0,-1.7575348483124115e-10,-1.8605293745401018e-09
16.0,0.0,0.0,0.0,0.0,1.880578929767178e-09,3.0327372934506726e-09
17.0,0.0,0.0,0.0,0.0,1.7319372768343066e-09,-5.217996460016999e-10
18.0,0.0,0.0,0.0,0.0,4.2321946559010047e-10,1.679845210265596e-09
19.0,0.0,0.0,0.0,0.0,1.7727879191359049e-09,4.739107774384923e-10
20.0,0.0,0.0,0.0,0.0,9.815334179876379e-10,-2.0991631200034537e-10
21.0,0.0,0.0,0.0,0.0,2.4006125165186434e-09,2.7277006498653795e-09
22.0,0.0,0.0,0.0,0.0,5.787183139142222e-10,-4.733176493038007e-10
23.0,0.0,0.0,0.0,0.0,-7.113966311420694e-10,-3.5614762151269414e-09
24.0,0.0,0.0,0.0,0.0,6.716825138660473e-10,-1.6064801839034103e-09
25.0,0.0,0.0,0.0,0.0,-5.8611887517055514e-09,1.1023834574033884e-09
26.0,0.0,0.0,0.0,0.0,7.65771472770099e-10,7.910182127250164e-10
27.0,0.0,0.0,0.0,0.0,-7.296825650429568e-09,-3.1341165004708768e-09
28.0,0.0,0.0,0.0,0.0,-3.4469268148108364e-09,-1.4486850388164023e-09
29.0,0.0,0.0,0.0,0.0,9.035372018819683e-10,-1.1634426984044932e-09
30.0,0.0,0.0,0.0,0.0,9.550586745335905e-10,-7.309391882284501e-10
31.0,0.0,0.0,0.0,0.0,-2.324857560279861e-09,-2.7518271772031033e-09
32.0,0.0,0.0,0.0,0.0,-1.4242040837578777e-09,-1.2567422162389573e-09
33.0,0.0,0.0,0.0,0.0,2.741081977228264e-09,-1.457220970519055e-09
34.0,0.0,0.0,0.0,0.0,-9.680602631453524e-10,1.5430665195238388e-09
35.0,0.0,0.0,0.0,0.0,4.48584062480597e-09,1.6182426219804876e-09
36.0,0.0,0.0,0.0,0.0,-3.839706352692298e-12,-2.91620916177632e-10
37.0,0.0,0.0,0.0,0.0,8.160723537625337e-10,-7.840795917414631e-10
38.0,0.0,0.0,0.0,0.0,3.2337487969972152e-09,2.7984862407822683e-10
39.0,0.0,0.0,0.0,0.0,2.6205423238683913e-10,-1.63315021491115e-09
40.0,0.0,0.0,0.0,0.0,-2.0046879613816026e-09,-2.293664164334882e-09
41.0,0.0,0.0,0.0,0.0,-2.1945490338858024e-10,-1.880442417851434e-09
42.0,0.0,0.0,0.0,0.0,-7.122147238018187e-11,-1.2696263279429136e-09
43.0,0.0,0.0,0.0,0.0,-2.729483304403131e-09,-2.326947599584542e-09
44.0,0.0,0.0,0.0,0.0,-5.116641426816468e-10,3.2411911812574953e-10
45.0,0.0,0.0,0.0,0.0,-1.4843841879948735e-09,1.459431347567417e-09
46.0,0.0,0.0,0.0,0.0,1.8487155143748682e-09,-3.1741966015964836e-09
47.0,0.0,0.0,0.0,0.0,6.922374837051124e-11,5.02574224320667e-11
48.0,0.0,0.0,0.0,0.0,-5.655914982951401e-10,-4.398715905326712e-10
49.0,0.0,0.0,0.0,0.0,-2.1236386124515253e-10,6.830173710736058e-10
50.0,0.0,0.0,0.0,0.0,4.462440368123323e-10,-2.5877536207176126e-11
51.0,0.0,0.0,0.0,0.0,1.2336283993795597e-09,-2.907198559863262e-09
52.0,0.0,0.0,0.0,0.0,-1.999424457338763e-09,-2.5247785977143312e-09
53.0,0.0,0.0,0.0,0.0,-2.083175265242544e-09,5.884715116994545e-11
54.0,0.0,0.0,0.0,0.0,2.2093584308050603e-09,2.057561839491019e-09
55.0,0.0,0.0,0.0,0.0,-8.246737444094612e-10,-4.428374742086006e-09
56.0,0.0,0.0,0.0,0.0,-2.8336841851937485e-09,6.914531596031599e-10
57.0,0.0,0.0,0.0,0.0,8.876254187662093e-10,2.3792440105752864e-09
58.0,0.0,0.0,0.0,0.0,9.267396120653739e-10,-3.0605175241242623e-10
59.0,0.0,0.0,0.0,0.0,-3.0614305145134132e-09,1.1004049920528817e-09
60.0,1.0,2.0,3.187507612608e-07,3.75e-10,3.1958472469172717e-07,5.306377063420395e-09
61.0,1.0,2.0,3.187507612608e-07,7.453125e-10,3.2096723994565674e-07,6.807064076662246e-09
62.0,1.0,2.0,3.187507612608e-07,1.1109960937499999e-09,3.206105302579625e-07,4.133084672974696e-09
63.0,1.0,2.0,3.187507612608e-07,1.4721086425781248e-09,3.214868328709009e-07,3.0112263866985634e-09
64.0,1.0,2.0,3.187507612608e-07,1.828707284545898e-09,3.1777093034916435e-07,9.906383383757858e-09
65.0,1.0,2.0,3.187507612608e-07,2.1808484434890743e-09,3.2159369001428145e-07,6.3677889689072826e-09
66.0,1.0,2.0,3.187507612608e-07,2.5285878379454614e-09,3.206741095798046e-07,7.739688589360054e-09
67.0,1.0,2.0,3.187507612608e-07,2.8719804899711427e-09,3.206571614333218e-07,6.1869131596496416e-09
68.0,1.0,2.0,3.187507612608e-07,3.2110807338465034e-09,3.2370295321348596e-07,6.445048479510101e-09
69.0,1.0,2.0,3.187507612608e-07,3.5459422246734222e-09,3.2525525250682187e-07,9.218687827232847e-09
70.0,1.0,2.0,3.187507612608e-07,3.876617946865005e-09,3.2621611931686573e-07,8.404816989123211e-09
71.0,1.0,2.0,3.187507612608e-07,4.203160222529192e-09,3.2558353722634097e-07,1.091380142148167e-08
72.0,1.0,2.0,3.187507612608e-07,4.525620719747577e-09,3.230569136172872e-07,1.1353150710948003e-08
73.0,1.0,2.0,3.187507612608e-07,4.844050460750733e-09,3.243002520476034e-07,1.1376359932540874e-08
74.0,1.0,2.0,3.187507612608e-07,5.158499829991349e-09,3.2544290683435984e-07,1.1494866654065102e-08
75.0,1.0,2.0,3.187507612608e-07,5.469018582116457e-09,3.2446213574151535e-07,1.4452668358984584e-08
76.0,1.0,2.0,3.187507612608e-07,5.775655849840001e-09,3.247879454864631e-07,9.437917951982229e-09
77.0,1.0,2.0,3.187507612608e-07,6.078460151717001e-09,3.2647672767626934e-07,1.1735759629355465e-08
78.0,1.0,2.0,3.187507612608e-07,6.377479399820539e-09,3.2500967536856866e-07,1.4380126326093662e-08
79.0,1.0,2.0,3.187507612608e-07,6.672760907322781e-09,3.239649482953755e-07,1.4909579660482574e-08
80.0,1.0,2.0,3.187507612608e-07,6.964351395981246e-09,3.248861665251095e-07,9.799404182909976e-09
81.0,1.0,2.0,3.187507612608e-07,7.25229700353148e-09,3.272708790197989e-07,1.2277371645082591e-08
82.0,1.0,2.0,3.187507612608e-07,7.536643290987338e-09,3.2629339113418724e-07,1.5874236378839125e-08
83.0,1.0,2.0,3.187507612608e-07,7.817435249849996e-09,3.2724861646438664e-07,1.4426865160479128e-08
84.0,1.0,2.0,3.187507612608e-07,8.09471730922687e-09,3.2818563705443127e-07,1.4050786866479728e-08
85.0,1.0,2.0,3.187507612608e-07,8.368533342861534e-09,3.2636961167786633e-07,1.3471325846922067e-08
86.0,1.0,2.0,3.187507612608e-07,8.638926676075765e-09,3.289021842641354e-07,1.3382447382268696e-08
87.0,1.0,2.0,3.187507612608e-07,8.905940092624818e-09,3.284143865603416e-07,1.4966799434758983e-08
88.0,1.0,2.0,3.187507612608e-07,9.169615841467008e-09,3.25450750928444e-07,1.4122921232567341e-08
89.0,1.0,2.0,3.187507612608e-07,9.42999564344867e-09,3.3106536648662115e-07,1.4776854062230915e-08
90.0,1.0,2.0,3.187507612608e-07,9.687120697905562e-09,3.2743639247119174e-07,1.525062126556108e-08
91.0,1.0,2.0,3.187507612608e-07,9.941031689181743e-09,3.253816022636114e-07,1.396580068849257e-08
92.0,1.0,2.0,3.187507612608e-07,1.019176879306697e-08,3.2685244263469434e-07,1.6611865886739152e-08
93.0,1.0,2.0,3.187507612608e-07,1.0439371683153634e-08,3.27148042622597e-07,2.159893903688511e-08
94.0,1.0,2.0,3.187507612608e-07,1.0683879537114214e-08,3.2953898743522925e-07,1.2436533529966644e-08
95.0,1.0,2.0,3.187507612608e-07,1.0925331042900285e-08,3.2912839129260777e-07,1.6855838212206215e-08
96.0,1.0,2.0,3.187507612608e-07,1.1163764404864031e-08,3.292408617303828e-07,1.4902023012355816e-08
97.0,1.0,2.0,3.187507612608e-07,1.1399217349803231e-08,3.313893825415682e-07,1.7789115995077407e-08
98.0,1.0,2.0,3.187507612608e-07,1.163172713293069e-08,3.3106223911611606e-07,1.6936684591509342e-08
99.0,1.0,2.0,3.187507612608e-07,1.1861330543769058e-08,3.312441875458576e-07,1.857392226269308e-08
100.0,1.0,2.0,3.187507612608e-07,1.2088063911971945e-08,3.3165848208742936e-07,1.960528589900831e-08
101.0,1.0,2.0,3.187507612608e-07,1.2311963113072294e-08,3.3229499370987674e-07,1.7840624262517427e-08
102.0,1.0,2.0,3.187507612608e-07,1.2533063574158892e-08,3.27067918151404e-07,1.991887701878736e-08
103.0,1.0,2.0,3.187507612608e-07,1.2751400279481905e-08,3.30773285035753e-07,1.3162679689172357e-08
104.0,1.0,2.0,3.187507612608e-07,1.2967007775988382e-08,3.273573489078094e-07,2.122622681943759e-08
105.0,1.0,2.0,3.187507612608e-07,1.3179920178788525e-08,3.320028012931841e-07,1.8987067689910352e-08
106.0,1.0,2.0,3.187507612608e-07,1.339017117655367e-08,3.3213166649290494e-07,2.0581855995604666e-08
107.0,1.0,2.0,3.187507612608e-07,1.359779403684675e-08,3.344396198472261e-07,1.6173278368695033e-08
108.0,1.0,2.0,3.187507612608e-07,1.3802821611386165e-08,3.349288516576284e-07,1.7136014912252876e-08
109.0,1.0,2.0,3.187507612608e-07,1.4005286341243838e-08,3.3316159769854857e-07,1.9271649520625002e-08
110.0,1.0,2.0,3.187507612608e-07,1.420522026197829e-08,3.319552593679845e-07,1.9125637682321536e-08
111.0,1.0,2.0,3.187507612608e-07,1.440265500870356e-08,3.34123738494595e-07,1.9903541909069184e-08
112.0,1.0,2.0,3.187507612608e-07,1.4597621821094766e-08,3.322925478072461e-07,2.168190518606122e-08
113.0,1.0,2.0,3.187507612608e-07,1.4790151548331082e-08,3.3353812750624437e-07,1.6155710988108273e-08
114.0,1.0,2.0,3.187507612608e-07,1.4980274653976944e-08,3.3570330854869847e-07,2.180490055722987e-08
115.0,1.0,2.0,3.187507612608e-07,1.5168021220802233e-08,3.328032397896234e-07,2.0042798143853863e-08
116.0,1.0,2.0,3.187507612608e-07,1.5353420955542202e-08,3.357155394948272e-07,1.9785530362954887e-08
117.0,1.0,2.0,3.187507612608e-07,1.5536503193597926e-08,3.356420671917825e-07,1.741563763068435e-08
118.0,1.0,2.0,3.187507612608e-07,1.5717296903677954e-08,3.325584745302163e-07,2.1526679775279888e-08
119.0,1.0,2.0,3.187507612608e-07,1.5895830692381977e-08,3.3659438020961676e-07,1.5853047146297706e-08
120.0,1.0,2.0,3.187507612608e-07,1.60721328087272e-08,3.362200267602702e-07,2.213672277554791e-08
121.0,1.0,2.0,3.187507612608e-07,1.6246231148618114e-08,3.352008441841634e-07,1.801241158802632e-08
122.0,1.0,2.0,3.187507612608e-07,1.6418153259260388e-08,3.3364426760400504e-07,2.12582689837853e-08
123.0,1.0,2.0,3.187507612608e-07,1.658792634351963e-08,3.336202755671685e-07,2.1065811259727828e-08
124.0,1.0,2.0,3.187507612608e-07,1.6755577264225637e-08,3.344310133712196e-07,2.3794111057606843e-08
125.0,1.0,2.0,3.187507612608e-07,1.6921132548422813e-08,3.3675708273580673e-07,2.124672418076875e-08
126.0,1.0,2.0,3.187507612608e-07,1.7084618391567527e-08,3.3392412931756473e-07,2.0362894655335443e-08
127.0,1.0,2.0,3.187507612608e-07,1.7246060661672936e-08,3.3687184641971266e-07,2.0883264428779235e-08
128.0,1.0,2.0,3.187507612608e-07,1.7405484903402025e-08,3.336727351064452e-07,2.4585717175787148e-08
129.0,1.0,2.0,3.187507612608e-07,1.75629163421095e-08,3.359055404340318e-07,2.325423387147634e-08
130.0,1.0,2.0,3.187507612608e-07,1.7718379887833133e-08,3.3668843665778114e-07,2.1550297161219496e-08
131.0,1.0,2.0,3.187507612608e-07,1.7871900139235217e-08,3.41512921690153e-07,2.198683251059867e-08
132.0,1.0,2.0,3.187507612608e-07,1.802350138749478e-08,3.3401963133725406e-07,1.9461812292790407e-08
133.0,1.0,2.0,3.187507612608e-07,1.8173207620151092e-08,3.3986799801393134e-07,2.3507850485055068e-08
134.0,1.0,2.0,3.187507612608e-07,1.8321042524899203e-08,3.3737148861367374e-07,1.934432208223435e-08
135.0,1.0,2.0,3.187507612608e-07,1.8467029493337964e-08,3.3804013459016987e-07,2.449893470089108e-08
136.0,1.0,2.0,3.187507612608e-07,1.8611191624671243e-08,3.3759864871224764e-07,2.338233087240265e-08
137.0,1.0,2.0,3.187507612608e-07,1.8753551729362852e-08,3.383937666265533e-07,2.802711538079041e-08
138.0,1.0,2.0,3.187507612608e-07,1.889413233274582e-08,3.373375233848218e-07,2.1179463217238625e-08
139.0,1.0,2.0,3.187507612608e-07,1.9032955678586494e-08,3.406918173023014e-07,2.329935115386258e-08
140.0,1.0,2.0,3.187507612608e-07,1.9170043732604162e-08,3.370078627049547e-07,2.722462998640587e-08
141.0,1.0,2.0,3.187507612608e-07,1.9305418185946612e-08,3.403206485911051e-07,2.613267087315078e-08
142.0,1.0,2.0,3.187507612608e-07,1.943910045862228e-08,3.369011274789962e-07,2.2477781534816253e-08
143.0,1.0,2.0,3.187507612608e-07,1.9571111702889502e-08,3.382013692708869e-07,2.4436950614563448e-08
144.0,1.0,2.0,3.187507612608e-07,1.9701472806603384e-08,3.363083089628229e-07,2.411033946398922e-08
145.0,1.0,2.0,3.187507612608e-07,1.983020439652084e-08,3.3949101309801585e-07,2.4786110916873073e-08
146.0,1.0,2.0,3.187507612608e-07,1.9957326841564333e-08,3.4159834001621735e-07,2.293924851065424e-08
147.0,1.0,2.0,3.187507612608e-07,2.0082860256044776e-08,3.3867890915720304e-07,2.4270948650254828e-08
148.0,1.0,2.0,3.187507612608e-07,2.0206824502844216e-08,3.3856381436623635e-07,2.1365052527222367e-08
149.0,1.0,2.0,3.187507612608e-07,2.0329239196558664e-08,3.3685076653122283e-07,2.4941577405854963e-08
150.0,1.0,2.0,3.187507612608e-07,2.045012370660168e-08,3.3874229966029707e-07,2.5680167908001177e-08
151.0,1.0,2.0,3.187507612608e-07,2.056949716026916e-08,3.361346699016261e-07,2.4432723844170474e-08
152.0,1.0,2.0,3.187507612608e-07,2.0687378445765792e-08,3.376123837331281e-07,2.1763554045235638e-08
153.0,1.0,2.0,3.187507612608e-07,2.080378621519372e-08,3.40008119568212e-07,2.707548654459327e-08
154.0,1.0,2.0,3.187507612608e-07,2.0918738887503797e-08,3.4230752654378655e-07,2.5930930299955023e-08
155.0,1.0,2.0,3.187507612608e-07,2.1032254651409997e-08,3.45401437634669e-07,2.3852014216083043e-08
156.0,1.0,2.0,3.187507612608e-07,2.1144351468267375e-08,3.387219425589256e-07,2.484373065298051e-08
157.0,1.0,2.0,3.187507612608e-07,2.125504707491403e-08,3.428764086490049e-07,2.2503218787074952e-08
158.0,1.0,2.0,3.187507612608e-07,2.136435898647761e-08,3.406026252080809e-07,2.355211805749004e-08
159.0,1.0,2.0,3.187507612608e-07,2.147230449914664e-08,3.399205704664539e-07,2.4624466581733697e-08
160.0,1.0,2.0,3.187507612608e-07,2.1578900692907307e-08,3.411948508571596e-07,2.825286747339288e-08
161.0,1.0,2.0,3.187507612608e-07,2.1684164434245963e-08,3.405587586624059e-07,2.4611756434262414e-08
162.0,1.0,2.0,3.187507612608e-07,2.178811237881789e-08,3.407596650908423e-07,2.7264743684809618e-08
163.0,1.0,2.0,3.187507612608e-07,2.1890760974082662e-08,3.3982485590922927e-07,2.5000067696167238e-08
164.0,1.0,2.0,3.187507612608e-07,2.199212646190663e-08,3.379466684031089e-07,2.6663824162635716e-08
165.0,1.0,2.0,3.187507612608e-07,2.20922248811328e-08,3.377557357368886e-07,2.5975226613947915e-08
166.0,1.0,2.0,3.187507612608e-07,2.2191072070118638e-08,3.422483230974811e-07,2.809309328850826e-08
167.0,1.0,2.0,3.187507612608e-07,2.2288683669242158e-08,3.4048604474987075e-07,2.5365207851096828e-08
168.0,1.0,2.0,3.187507612608e-07,2.238507512337663e-08,3.3994365858486433e-07,2.3376526336250086e-08
169.0,1.0,2.0,3.187507612608e-07,2.2480261684334423e-08,3.412480341985807e-07,2.3843352678389717e-08
170.0,1.0,2.0,3.187507612608e-07,2.257425841328024e-08,3.429148841799115e-07,2.56280928092827e-08
171.0,1.0,2.0,3.187507612608e-07,2.266708018311424e-08,3.4177856932996706e-07,2.427726744866271e-08
172.0,1.0,2.0,3.187507612608e-07,2.275874168082531e-08,3.4019739306834334e-07,2.767830676931788e-08
173.0,1.0,2.0,3.187507612608e-07,2.2849257409814992e-08,3.440526045819129e-07,2.6007810564333335e-08
174.0,1.0,2.0,3.187507612608e-07,2.2938641692192306e-08,3.448477739589556e-07,3.176900584824194e-08
175.0,1.0,2.0,3.187507612608e-07,2.30269086710399e-08,3.427667832424856e-07,2.3623803838877648e-08
176.0,1.0,2.0,3.187507612608e-07,2.3114072312651902e-08,3.4381216059614005e-07,2.7584946664022312e-08
177.0,1.0,2.0,3.187507612608e-07,2.3200146408743755e-08,3.444348276631713e-07,2.4999240946074043e-08
178.0,1.0,2.0,3.187507612608e-07,2.328514457863446e-08,3.442961044722435e-07,2.6344842665221657e-08
179.0,1.0,2.0,3.187507612608e-07,2.3369080271401527e-08,3.4334803988642675e-07,2.769002641615846e-08
180.0,1.0,2.0,3.187507612608e-07,2.3451966768009008e-08,3.433994221229588e-07,2.2831042566675535e-08
181.0,1.0,2.0,3.187507612608e-07,2.3533817183408896e-08,3.433238995909019e-07,2.802910292386006e-08
182.0,1.0,2.0,3.187507612608e-07,2.3614644468616285e-08,3.4017073038032214e-07,3.1434010171518996e-08
183.0,1.0,2.0,3.187507612608e-07,2.369446141275858e-08,3.4384666898727776e-07,2.6793153899961538e-08
184.0,1.0,2.0,3.187507612608e-07,2.37732806450991e-08,3.39812413963646e-07,2.8290583519416205e-08
185.0,1.0,2.0,3.187507612608e-07,2.385111463703536e-08,3.410126769875853e-07,2.989086178479862e-08
186.0,1.0,2.0,3.187507612608e-07,2.3927975704072417e-08,3.452858671004886e-07,2.758228635882718e-08
187.0,1.0,2.0,3.187507612608e-07,2.4003876007771512e-08,3.444350775939599e-07,2.6816583255147394e-08
188.0,1.0,2.0,3.187507612608e-07,2.4078827557674367e-08,3.458043853978461e-07,2.3494487219679426e-08
189.0,1.0,2.0,3.187507612608e-07,2.4152842213203438e-08,3.4236025470662884e-07,2.939455465588904e-08
190.0,1.0,2.0,3.187507612608e-07,2.4225931685538392e-08,3.4067219526378487e-07,2.7952016922742757e-08
191.0,1.0,2.0,3.187507612608e-07,2.4298107539469164e-08,3.425679944061285e-07,2.6217944307961925e-08
192.0,1.0,2.0,3.187507612608e-07,2.4369381195225795e-08,3.433242050505069e-07,2.85606517214746e-08
193.0,1.0,2.0,3.187507612608e-07,2.4439763930285473e-08,3.4334850262376547e-07,2.7203442048860564e-08
194.0,1.0,2.0,3.187507612608e-07,2.4509266881156907e-08,3.455273890994703e-07,2.7376503156026167e-08
195.0,1.0,2.0,3.187507612608e-07,2.4577901045142444e-08,3.4260612145593553e-07,2.9707708478061617e-08
196.0,1.0,2.0,3.187507612608e-07,2.4645677282078162e-08,3.44100507486484e-07,2.5879359956438656e-08
197.0,1.0,2.0,3.187507612608e-07,2.4712606316052187e-08,3.4148611327798293e-07,3.071099148181049e-08
198.0,1.0,2.0,3.187507612608e-07,2.4778698737101533e-08,3.444300945539892e-07,2.5880471762370574e-08
199.0,1.0,2.0,3.187507612608e-07,2.4843965002887763e-08,3.4360094336405906e-07,2.740918091110446e-08
200.0,1.0,2.0,3.187507612608e-07,2.4908415440351667e-08,3.4215955002458264e-07,3.2638481509665656e-08
201.0,1.0,2.0,3.187507612608e-07,2.4972060247347272e-08,3.432511627837976e-07,3.110457897111339e-08
202.0,1.0,2.0,3.187507612608e-07,2.5034909494255434e-08,3.43417319262025e-07,2.910164175503677e-08
203.0,1.0,2.0,3.187507612608e-07,2.509697312557724e-08,3.43307424127703e-07,2.7081230607233082e-08
204.0,1.0,2.0,3.187507612608e-07,2.5158260961507524e-08,3.474517047068429e-07,2.7958905477172985e-08
205.0,1.0,2.0,3.187507612608e-07,2.521878269948868e-08,3.437726519556729e-07,2.9218470283927206e-08
206.0,1.0,2.0,3.187507612608e-07,2.527854791574507e-08,3.4354151695619036e-07,2.9200754814065762e-08
207.0,1.0,2.0,3.187507612608e-07,2.5337566066798258e-08,3.3989342541237793e-07,2.8997082826082508e-08
208.0,1.0,2.0,3.187507612608e-07,2.539584649096328e-08,3.4235819304780433e-07,2.9169612038914584e-08
209.0,1.0,2.0,3.187507612608e-07,2.5453398409826238e-08,3.4367801282171355e-07,2.8854323574649385e-08
210.0,1.0,2.0,3.187507612608e-07,2.551023092970341e-08,3.4288928683815014e-07,2.6450265590669043e-08
211.0,1.0,2.0,3.187507612608e-07,2.556635304308212e-08,3.4708052949063766e-07,2.8351711479668242e-08
212.0,1.0,2.0,3.187507612608e-07,2.562177363004359e-08,3.440426593400512e-07,3.1263859600228927e-08
213.0,1.0,2.0,3.187507612608e-07,2.5676501459668044e-08,3.4700415121910455e-07,2.6747197943815006e-08
214.0,1.0,2.0,3.187507612608e-07,2.573054519142219e-08,3.4460471572032297e-07,2.9153394874417416e-08
215.0,1.0,2.0,3.187507612608e-07,2.5783913376529415e-08,3.4460913031017254e-07,2.7941029406550785e-08
216.0,1.0,2.0,3.187507612608e-07,2.58366144593228e-08,3.444097828246978e-07,2.9850669097402745e-08
217.0,1.0,2.0,3.187507612608e-07,2.5888656778581264e-08,3.446470105426242e-07,2.8897539963805502e-08
218.0,1.0,2.0,3.187507612608e-07,2.5940048568849e-08,3.481283998357487e-07,3.267584626712944e-08
219.0,1.0,2.0,3.187507612608e-07,2.5990797961738386e-08,3.401023377690359e-07,3.077989969916106e-08
220.0,1.0,2.0,3.187507612608e-07,2.6040912987216655e-08,3.4078858275913926e-07,2.7188230582156565e-08
221.0,1.0,2.0,3.187507612608e-07,2.6090401574876447e-08,3.437548211735642e-07,3.11988326658322e-08
222.0,1.0,2.0,3.187507612608e-07,2.6139271555190492e-08,3.4491908857986565e-07,2.8351055912363316e-08
223.0,1.0,2.0,3.187507612608e-07,2.618753066075061e-08,3.463185007710786e-07,2.8789800077136482e-08
224.0,1.0,2.0,3.187507612608e-07,2.6235186527491226e-08,3.4593212218434613e-07,3.061432114017235e-08
225.0,1.0,2.0,3.187507612608e-07,2.6282246695897585e-08,3.4426451613093643e-07,2.9045542412063556e-08
226.0,1.0,2.0,3.187507612608e-07,2.6328718612198866e-08,3.4711756725948237e-07,3.185657360884089e-08
227.0,1.0,2.0,3.187507612608e-07,2.6374609629546383e-08,3.4718576169665183e-07,2.8563143768780955e-08
228.0,1.0,2.0,3.187507612608e-07,2.6419927009177054e-08,3.455388039325202e-07,2.8915056428292617e-08
229.0,1.0,2.0,3.187507612608e-07,2.646467792156234e-08,3.47140754327336e-07,2.8880483567525885e-08
230.0,1.0,2.0,3.187507612608e-07,2.6508869447542812e-08,3.45804921235207e-07,2.9101720231294458e-08
231.0,1.0,2.0,3.187507612608e-07,2.6552508579448527e-08,3.4418030378668274e-07,3.24706560578153e-08
232.0,1.0,2.0,3.187507612608e-07,2.659560222220542e-08,3.467419971610054e-07,3.156864981242149e-08
233.0,1.0,2.0,3.187507612608e-07,2.6638157194427854e-08,3.456101447003852e-07,3.376924460822521e-08
234.0,1.0,2.0,3.187507612608e-07,2.6680180229497505e-08,3.454336211838065e-07,3.492246583956227e-08
235.0,1.0,2.0,3.187507612608e-07,2.6721677976628782e-08,3.484183463818079e-07,2.8363091340317228e-08
236.0,1.0,2.0,3.187507612608e-07,2.6762657001920924e-08,3.406116740056407e-07,3.060224478159941e-08
237.0,1.0,2.0,3.187507612608e-07,2.6803123789396913e-08,3.427185167098778e-07,2.814542600238635e-08
238.0,1.0,2.0,3.187507612608e-07,2.6843084742029454e-08,3.432197051500807e-07,2.8978579637545975e-08
239.0,1.0,2.0,3.187507612608e-07,2.6882546182754086e-08,3.4490678614841645e-07,2.930914176918334e-08
240.0,1.0,2.0,3.187507612608e-07,2.692151435546966e-08,3.451630592767376e-07,2.8490068396862144e-08
241.0,1.0,2.0,3.187507612608e-07,2.6959995426026288e-08,3.4269610539128017e-07,2.853523656284283e-08
242.0,1.0,2.0,3.187507612608e-07,2.699799548320096e-08,3.4377844067937927e-07,3.038464240305635e-08
243.0,1.0,2.0,3.187507612608e-07,2.703552053966095e-08,3.440645984434138e-07,2.8273546874138038e-08
244.0,1.0,2.0,3.187507612608e-07,2.707257653291519e-08,3.5073818597786694e-07,3.2424588023114935e-08
245.0,1.0,2.0,3.187507612608e-07,2.7109169326253747e-08,3.49463414482548e-07,2.8937760544009343e-08
246.0,1.0,2.0,3.187507612608e-07,2.7145304709675577e-08,3.4507256713510625e-07,3.64249274041168e-08
247.0,1.0,2.0,3.187507612608e-07,2.718098840080463e-08,3.4520458308099106e-07,2.993513588401137e-08
248.0,1.0,2.0,3.187507612608e-07,2.7216226045794574e-08,3.4366857931221797e-07,3.101365395026522e-08
249.0,1.0,2.0,3.187507612608e-07,2.7251023220222142e-08,3.421855236545716e-07,2.831025375448386e-08
250.0,1.0,2.0,3.187507612608e-07,2.7285385429969365e-08,3.458023863179523e-07,3.434404562844371e-08
251.0,1.0,2.0,3.187507612608e-07,2.7319318112094746e-08,3.4407437540640664e-07,3.32014028877071e-08
252.0,1.0,2.0,3.187507612608e-07,2.7352826635693563e-08,3.459338868331695e-07,3.1586390938812436e-08
253.0,1.0,2.0,3.187507612608e-07,2.7385916302747394e-08,3.4293626586546044e-07,2.832873480012952e-08
254.0,1.0,2.0,3.187507612608e-07,2.7418592348963053e-08,3.4464540469314253e-07,3.1473082094731986e-08
255.0,1.0,2.0,3.187507612608e-07,2.7450859944601015e-08,3.464988753960067e-07,2.883792708332241e-08
256.0,1.0,2.0,3.187507612608e-07,2.74827241952935e-08,3.4696590465166136e-07,3.4034177527926876e-08
257.0,1.0,2.0,3.187507612608e-07,2.751419014285233e-08,3.4709989532113636e-07,3.275617581748944e-08
258.0,1.0,2.0,3.187507612608e-07,2.7545262766066676e-08,3.436550460585526e-07,3.135662979165148e-08
259.0,1.0,2.0,3.187507612608e-07,2.7575946981490842e-08,3.4803607970256195e-07,2.632061618206312e-08
260.0,1.0,2.0,3.187507612608e-07,2.7606247644222206e-08,3.4475658551181847e-07,2.9253806147697925e-08
261.0,1.0,2.0,3.187507612608e-07,2.7636169548669427e-08,3.4765264663868405e-07,3.262309008221823e-08
262.0,1.0,2.0,3.187507612608e-07,2.766571742931106e-08,3.463952013368746e-07,3.369992829504226e-08
263.0,1.0,2.0,3.187507612608e-07,2.7694895961444672e-08,3.4369288222408876e-07,3.351876121350047e-08
264.0,1.0,2.0,3.187507612608e-07,2.7723709761926614e-08,3.4584207561356424e-07,2.814232800646704e-08
265.0,1.0,2.0,3.187507612608e-07,2.775216338990253e-08,3.4723365213483005e-07,3.1955066889754085e-08
266.0,1.0,2.0,3.187507612608e-07,2.7780261347528746e-08,3.4775695336927793e-07,3.3408280870957724e-08
267.0,1.0,2.0,3.187507612608e-07,2.780800808068464e-08,3.4627679354659583e-07,2.808555136666768e-08
268.0,1.0,2.0,3.187507612608e-07,2.7835407979676078e-08,3.4964972702167814e-07,3.1411073376177995e-08
269.0,1.0,2.0,3.187507612608e-07,2.7862465379930128e-08,3.486282481827033e-07,3.199891886377003e-08
270.0,1.0,2.0,3.187507612608e-07,2.7889184562681e-08,3.4612663759068146e-07,3.087375216193543e-08
271.0,1.0,2.0,3.187507612608e-07,2.7915569755647487e-08,3.481665746407214e-07,2.7794704294496336e-08
272.0,1.0,2.0,3.187507612608e-07,2.7941625133701893e-08,3.505599733648783e-07,3.087108162540025e-08
273.0,1.0,2.0,3.187507612608e-07,2.7967354819530623e-08,3.506390852818967e-07,3.089102370228352e-08
274.0,1.0,2.0,3.187507612608e-07,2.7992762884286487e-08,3.442875243834415e-07,3.1272357011978325e-08
275.0,1.0,2.0,3.187507612608e-07,2.8017853348232906e-08,3.449155483867186e-07,3.0464140387775474e-08
276.0,1.0,2.0,3.187507612608e-07,2.8042630181379995e-08,3.4976322901564765e-07,3.072735808197506e-08
277.0,1.0,2.0,3.187507612608e-07,2.8067097304112744e-08,3.4470129646323745e-07,3.1555990234223514e-08
278.0,1.0,2.0,3.187507612608e-07,2.8091258587811334e-08,3.44196937582028e-07,3.254205716418563e-08
279.0,1.0,2.0,3.187507612608e-07,2.8115117855463693e-08,3.458934908548656e-07,3.106976776941999e-08
280.0,1.0,2.0,3.187507612608e-07,2.8138678882270396e-08,3.4772989356201953e-07,3.088052836252335e-08
281.0,1.0,2.0,3.187507612608e-07,2.8161945396242016e-08,3.467079132438198e-07,3.190547415834273e-08
282.0,1.0,2.0,3.187507612608e-07,2.818492107878899e-08,3.4563455509877776e-07,2.7899612344335728e-08
283.0,1.0,2.0,3.187507612608e-07,2.820760956530413e-08,3.456099459026551e-07,3.271593408844263e-08
284.0,1.0,2.0,3.187507612608e-07,2.8230014445737824e-08,3.455561015777124e-07,3.178090203213413e-08
285.0,1.0,2.0,3.187507612608e-07,2.82521392651661e-08,3.452438812686482e-07,3.188132761706062e-08
286.0,1.0,2.0,3.187507612608e-07,2.8273987524351525e-08,3.5158801453970365e-07,3.37430726123213e-08
287.0,1.0,2.0,3.187507612608e-07,2.8295562680297132e-08,3.476413460834682e-07,2.793539057738692e-08
288.0,1.0,2.0,3.187507612608e-07,2.8316868146793416e-08,3.4884114751640287e-07,2.7912528817612146e-08
289.0,1.0,2.0,3.187507612608e-07,2.8337907294958497e-08,3.4611051361952067e-07,3.242673948132568e-08
290.0,1.0,2.0,3.187507612608e-07,2.8358683453771515e-08,3.4673753136019937e-07,3.188359662335333e-08
291.0,1.0,2.0,3.187507612608e-07,2.837919991059937e-08,3.457028532086587e-07,3.22566490311393e-08
292.0,1.0,2.0,3.187507612608e-07,2.839945991171688e-08,3.418468045026785e-07,3.10102749954163e-08
293.0,1.0,2.0,3.187507612608e-07,2.8419466662820418e-08,3.444142093699247e-07,3.328124257023424e-08
294.0,1.0,2.0,3.187507612608e-07,2.8439223329535163e-08,3.4356874723037433e-07,3.383559390777989e-08
295.0,1.0,2.0,3.187507612608e-07,2.8458733037915972e-08,3.4270992674281277e-07,3.295583954724343e-08
296.0,1.0,2.0,3.187507612608e-07,2.8477998874942022e-08,3.4483804218714584e-07,3.148355729585465e-08
297.0,1.0,2.0,3.187507612608e-07,2.8497023889005247e-08,3.498976965085685e-07,2.780695795009192e-08
298.0,1.0,2.0,3.187507612608e-07,2.851581109039268e-08,3.4717770001578397e-07,3.357771762264367e-08
299.0,1.0,2.0,3.187507612608e-07,2.8534363451762772e-08,3.4986625223720507e-07,3.449939966423768e-08
300.0,1.0,2.0,3.187507612608e-07,2.8552683908615736e-08,3.481254103232175e-07,3.336154756693812e-08
301.0,1.0,2.0,3.187507612608e-07,2.857077535975804e-08,3.4888665427198835e-07,3.0329428194263225e-08
302.0,1.0,2.0,3.187507612608e-07,2.8588640667761064e-08,3.4553760793795194e-07,3.345238061353647e-08
303.0,1.0,2.0,3.187507612608e-07,2.8606282659414053e-08,3.4840494582859935e-07,3.3841729034611536e-08
304.0,1.0,2.0,3.187507612608e-07,2.8623704126171378e-08,3.4883189385512007e-07,3.525398143436841e-08
305.0,1.0,2.0,3.187507612608e-07,2.8640907824594235e-08,3.4623837450092685e-07,3.039961241889489e-08
306.0,1.0,2.0,3.187507612608e-07,2.8657896476786807e-08,3.485277384788191e-07,3.171421288523585e-08
307.0,1.0,2.0,3.187507612608e-07,2.8674672770826973e-08,3.4855780954877664e-07,3.367676482124719e-08
308.0,1.0,2.0,3.187507612608e-07,2.8691239361191636e-08,3.4634289537973147e-07,3.2311950793164784e-08
309.0,1.0,2.0,3.187507612608e-07,2.870759886917674e-08,3.4521282326543474e-07,2.997719900337252e-08
310.0,1.0,2.0,3.187507612608e-07,2.8723753883312027e-08,3.4510625848031546e-07,3.3055626290250234e-08
311.0,1.0,2.0,3.187507612608e-07,2.8739706959770627e-08,3.4766347930441353e-07,3.33980747566399e-08
312.0,1.0,2.0,3.187507612608e-07,2.8755460622773496e-08,3.481602416211521e-07,3.2430855578374145e-08
313.0,1.0,2.0,3.187507612608e-07,2.8771017364988825e-08,3.45936726964873e-07,3.270810070806583e-08
314.0,1.0,2.0,3.187507612608e-07,2.8786379647926467e-08,3.475903115913786e-07,3.176534510497836e-08
315.0,1.0,2.0,3.187507612608e-07,2.8801549902327388e-08,3.486933852354043e-07,3.525296800874277e-08
316.0,1.0,2.0,3.187507612608e-07,2.8816530528548293e-08,3.4880367321867885e-07,3.050850833348411e-08
317.0,1.0,2.0,3.187507612608e-07,2.883132389694144e-08,3.506858453979864e-07,3.1148565206935734e-08
318.0,1.0,2.0,3.187507612608e-07,2.884593234822967e-08,3.501506552734257e-07,3.235832536567776e-08
319.0,1.0,2.0,3.187507612608e-07,2.8860358193876802e-08,3.4560853658916374e-07,3.4107245655106906e-08
320.0,1.0,2.0,3.187507612608e-07,2.8874603716453344e-08,3.5099253739632935e-07,2.9367412229834936e-08
321.0,1.0,2.0,3.187507612608e-07,2.8888671169997675e-08,3.4657747942168623e-07,2.9754225778683025e-08
322.0,1.0,2.0,3.187507612608e-07,2.8902562780372705e-08,3.4974306966608153e-07,2.8311864712081996e-08
323.0,1.0,2.0,3.187507612608e-07,2.8916280745618045e-08,3.478030152585202e-07,3.246505834677878e-08
324.0,1.0,2.0,3.187507612608e-07,2.892982723629782e-08,3.468562897401839e-07,3.017524810347095e-08
325.0,1.0,2.0,3.187507612608e-07,2.8943204395844098e-08,3.440785719370942e-07,3.165479896143986e-08
326.0,1.0,2.0,3.187507612608e-07,2.8956414340896047e-08,3.4736404658126336e-07,3.375854451180586e-08
327.0,1.0,2.0,3.187507612608e-07,2.8969459161634844e-08,3.446014539518236e-07,3.1164443029121674e-08
328.0,1.0,2.0,3.187507612608e-07,2.8982340922114408e-08,3.496677006546e-07,3.29216861006057e-08
329.0,1.0,2.0,3.187507612608e-07,2.8995061660587978e-08,3.507794082356664e-07,3.187189490424173e-08
330.0,1.0,2.0,3.187507612608e-07,2.9007623389830625e-08,3.4616456267203727e-07,3.3826104906256433e-08
331.0,1.0,2.0,3.187507612608e-07,2.902002809745774e-08,3.4837473084329626e-07,3.3443296647623986e-08
332.0,1.0,2.0,3.187507612608e-07,2.903227774623952e-08,3.4633225596302355e-07,3.112019780448234e-08
333.0,1.0,2.0,3.187507612608e-07,2.904437427441153e-08,3.4653816607493795e-07,3.217764856538547e-08
334.0,1.0,2.0,3.187507612608e-07,2.9056319595981383e-08,3.493560702645121e-07,3.461318965704023e-08
335.0,1.0,2.0,3.187507612608e-07,2.9068115601031616e-08,3.477418003381448e-07,3.332307300665265e-08
336.0,1.0,2.0,3.187507612608e-07,2.907976415601872e-08,3.513098215006808e-07,2.9752878850130586e-08
337.0,1.0,2.0,3.187507612608e-07,2.9091267104068488e-08,3.468775634074626e-07,3.3868391741220405e-08
338.0,1.0,2.0,3.187507612608e-07,2.910262626526763e-08,3.498520601910166e-07,3.039815761908439e-08
339.0,1.0,2.0,3.187507612608e-07,2.9113843436951787e-08,3.4805943152366733e-07,3.540250045839462e-08
340.0,1.0,2.0,3.187507612608e-07,2.912492039398989e-08,3.4946723767427836e-07,3.4635641259488955e-08
341.0,1.0,2.0,3.187507612608e-07,2.9135858889065016e-08,3.469923048352051e-07,3.317705917721131e-08
342.0,1.0,2.0,3.187507612608e-07,2.9146660652951703e-08,3.477983042386485e-07,3.292147549974492e-08
343.0,1.0,2.0,3.187507612608e-07,2.9157327394789807e-08,3.4767709089699194e-07,3.2198545368471984e-08
344.0,1.0,2.0,3.187507612608e-07,2.9167860802354932e-08,3.462465078334633e-07,3.398313785013549e-08
345.0,1.0,2.0,3.187507612608e-07,2.9178262542325496e-08,3.49253186872289e-07,3.1893895174384824e-08
346.0,1.0,2.0,3.187507612608e-07,2.9188534260546426e-08,3.4923979353250316e-07,3.311583580098757e-08
347.0,1.0,2.0,3.187507612608e-07,2.9198677582289595e-08,3.4913654823290075e-07,3.439769378231554e-08
348.0,1.0,2.0,3.187507612608e-07,2.9208694112510975e-08,3.5103338668114624e-07,3.15392268394247e-08
349.0,1.0,2.0,3.187507612608e-07,2.921858543610459e-08,3.508680362993772e-07,3.143935663772874e-08
350.0,1.0,2.0,3.187507612608e-07,2.922835311815328e-08,3.47229224999255e-07,3.029180207010503e-08
351.0,1.0,2.0,3.187507612608e-07,2.9237998704176364e-08,3.487348646018447e-07,3.0560268566722385e-08
352.0,1.0,2.0,3.187507612608e-07,2.9247523720374157e-08,3.467510836026577e-07,2.9040995950669735e-08
353.0,1.0,2.0,3.187507612608e-07,2.925692967386948e-08,3.480544015668986e-07,3.4165909509729595e-08
354.0,1.0,2.0,3.187507612608e-07,2.926621805294611e-08,3.4681748041550835e-07,3.6332440557033045e-08
355.0,1.0,2.0,3.187507612608e-07,2.9275390327284284e-08,3.512662922063564e-07,3.5573524406712464e-08
356.0,1.0,2.0,3.187507612608e-07,2.928444794819323e-08,3.4876260550967913e-07,2.9478849401336877e-08
357.0,1.0,2.0,3.187507612608e-07,2.9293392348840814e-08,3.4760809535343196e-07,3.418877768228513e-08
358.0,1.0,2.0,3.187507612608e-07,2.9302224944480305e-08,3.5044022334899305e-07,3.559123037509539e-08
359.0,1.0,2.0,3.187507612608e-07,2.93109471326743e-08,3.4372047757388345e-07,3.184124768314554e-08
360.0,1.0,2.0,3.187507612608e-07,2.9319560293515868e-08,3.4404211636458527e-07,3.296551435068038e-08
361.0,1.0,2.0,3.187507612608e-07,2.932806578984692e-08,3.4967050436108645e-07,2.8754488334468893e-08
362.0,1.0,2.0,3.187507612608e-07,2.9336464967473834e-08,3.482081631245086e-07,3.331130603189573e-08
363.0,1.0,2.0,3.187507612608e-07,2.934475915538041e-08,3.485964130167019e-07,3.065817900618893e-08
364.0,1.0,2.0,3.187507612608e-07,2.9352949665938155e-08,3.4545091872010104e-07,3.319193996038337e-08
365.0,1.0,2.0,3.187507612608e-07,2.936103779511393e-08,3.480653316342132e-07,2.9677543396440777e-08
366.0,1.0,2.0,3.187507612608e-07,2.9369024822675007e-08,3.521268049042777e-07,3.38928540145787e-08
367.0,1.0,2.0,3.187507612608e-07,2.9376912012391567e-08,3.4977607251278326e-07,3.4863261387221787e-08
368.0,1.0,2.0,3.187507612608e-07,2.938470061223667e-08,3.4847487496332225e-07,3.125488605279867e-08
369.0,1.0,2.0,3.187507612608e-07,2.939239185458371e-08,3.4726504529517387e-07,3.055432273152048e-08
370.0,1.0,2.0,3.187507612608e-07,2.9399986956401415e-08,3.473616025134626e-07,2.852295740087731e-08
371.0,1.0,2.0,3.187507612608e-07,2.94074871194464e-08,3.4389985260184634e-07,3.23089265645674e-08
372.0,1.0,2.0,3.187507612608e-07,2.941489353045332e-08,3.4868093563309564e-07,3.168523153406077e-08
373.0,1.0,2.0,3.187507612608e-07,2.9422207361322653e-08,3.4986393483908636e-07,2.9752963025710282e-08
374.0,1.0,2.0,3.187507612608e-07,2.942942976930612e-08,3.450289523757649e-07,3.3767539530215854e-08
375.0,1.0,2.0,3.187507612608e-07,2.9436561897189795e-08,3.4686448937337615e-07,3.1967980168957515e-08
376.0,1.0,2.0,3.187507612608e-07,2.944360487347492e-08,3.4587943686980806e-07,3.0722787694052965e-08
377.0,1.0,2.0,3.187507612608e-07,2.945055981255648e-08,3.462706186837389e-07,3.177137424523594e-08
378.0,1.0,2.0,3.187507612608e-07,2.9457427814899526e-08,3.483151523293433e-07,3.50293093364848e-08
379.0,1.0,2.0,3.187507612608e-07,2.9464209967213283e-08,3.440461669180363e-07,3.4098678083218396e-08
380.0,1.0,2.0,3.187507612608e-07,2.9470907342623116e-08,3.494502094801372e-07,3.263877971057982e-08
381.0,1.0,2.0,3.187507612608e-07,2.947752100084033e-08,3.4973599240150767e-07,3.4142994162902007e-08
382.0,1.0,2.0,3.187507612608e-07,2.9484051988329826e-08,3.47732608073056e-07,3.058883810193937e-08
383.0,1.0,2.0,3.187507612608e-07,2.9490501338475705e-08,3.432798455793066e-07,3.29812066312982e-08
384.0,1.0,2.0,3.187507612608e-07,2.9496870071744757e-08,3.4625479408053996e-07,3.321684295075922e-08
385.0,1.0,2.0,3.187507612608e-07,2.950315919584795e-08,3.5071972432485335e-07,3.19881854844817e-08
386.0,1.0,2.0,3.187507612608e-07,2.950936970589985e-08,3.427041424052427e-07,3.38043646324407e-08
387.0,1.0,2.0,3.187507612608e-07,2.95155025845761e-08,3.4757121702098906e-07,3.1378100642045584e-08
388.0,1.0,2.0,3.187507612608e-07,2.95215588022689e-08,3.4591231850613437e-07,3.396405956281024e-08
389.0,1.0,2.0,3.187507612608e-07,2.952753931724054e-08,3.498874411812102e-07,3.405351815379507e-08
390.0,1.0,2.0,3.187507612608e-07,2.9533445075775035e-08,3.4693397843228806e-07,2.7120796032019397e-08
391.0,1.0,2.0,3.187507612608e-07,2.9539277012327846e-08,3.4909794631459903e-07,3.5340975943331296e-08
392.0,1.0,2.0,3.187507612608e-07,2.954503604967375e-08,3.494267181488119e-07,2.6870282539216862e-08
393.0,1.0,2.0,3.187507612608e-07,2.955072309905283e-08,3.519739360393129e-07,3.1738567963251295e-08
394.0,1.0,2.0,3.187507612608e-07,2.9556339060314667e-08,3.4790121643376393e-07,3.5026416448014704e-08
395.0,1.0,2.0,3.187507612608e-07,2.956188482206073e-08,3.4906473482210593e-07,3.2346138114565774e-08
396.0,1.0,2.0,3.187507612608e-07,2.9567361261784974e-08,3.453480115643301e-07,3.005326839588339e-08
397.0,1.0,2.0,3.187507612608e-07,2.957276924601266e-08,3.5070435763340013e-07,3.0803033423194054e-08
398.0,1.0,2.0,3.187507612608e-07,2.9578109630437504e-08,3.468078531950948e-07,3.5049125385250994e-08
399.0,1.0,2.0,3.187507612608e-07,2.958338326005704e-08,3.4721263619268155e-07,2.915705109817006e-08
400.0,1.0,2.0,3.187507612608e-07,2.9588590969306325e-08,3.4829485664040793e-07,3.5262729299515726e-08
401.0,1.0,2.0,3.187507612608e-07,2.9593733582189995e-08,3.452187261523103e-07,3.2899171251102415e-08
402.0,1.0,2.0,3.187507612608e-07,2.959881191241262e-08,3.488071132310705e-07,3.062915528550249e-08
403.0,1.0,2.0,3.187507612608e-07,2.9603826763507464e-08,3.5028952057015747e-07,3.185222916776733e-08
404.0,1.0,2.0,3.187507612608e-07,2.960877892896362e-08,3.489454078367582e-07,3.0988467579079976e-08
405.0,1.0,2.0,3.187507612608e-07,2.9613669192351577e-08,3.451866353247941e-07,3.475976790004948e-08
406.0,1.0,2.0,3.187507612608e-07,2.961849832744718e-08,3.4812164099958786e-07,3.4496519339444136e-08
407.0,1.0,2.0,3.187507612608e-07,2.962326709835409e-08,3.4985808616511306e-07,2.9597633345982582e-08
408.0,1.0,2.0,3.187507612608e-07,2.9627976259624662e-08,3.446227599884928e-07,3.2233009621839525e-08
409.0,1.0,2.0,3.187507612608e-07,2.9632626556379353e-08,3.4623385578954393e-07,3.1318007801268864e-08
410.0,1.0,2.0,3.187507612608e-07,2.9637218724424613e-08,3.5014106719338767e-07,3.5635532014116895e-08
411.0,1.0,2.0,3.187507612608e-07,2.9641753490369306e-08,3.4893270561956384e-07,3.0352395130295534e-08
412.0,1.0,2.0,3.187507612608e-07,2.964623157173969e-08,3.492209359967932e-07,3.6265081849151744e-08
413.0,1.0,2.0,3.187507612608e-07,2.9650653677092943e-08,3.5212040455313956e-07,3.299401405556578e-08
414.0,1.0,2.0,3.187507612608e-07,2.9655020506129284e-08,3.493428873239417e-07,3.0740664867972187e-08
415.0,1.0,2.0,3.187507612608e-07,2.9659332749802668e-08,3.49725870031469e-07,3.171386633201985e-08
416.0,1.0,2.0,3.187507612608e-07,2.9663591090430133e-08,3.538358434056668e-07,3.1469009525066216e-08
417.0,1.0,2.0,3.187507612608e-07,2.9667796201799756e-08,3.4799094834641877e-07,3.052679500280477e-08
418.0,1.0,2.0,3.187507612608e-07,2.9671948749277258e-08,3.4682694448284025e-07,3.326942281902628e-08
419.0,1.0,2.0,3.187507612608e-07,2.967604938991129e-08,3.4928240344720555e-07,3.062762857475248e-08
420.0,1.0,2.0,3.187507612608e-07,2.96800987725374e-08,3.4930884209211513e-07,2.8726371703023282e-08
421.0,0.0,0.0,0.0,2.930909753788068e-08,2.8255666753988265e-08,2.5618834842396265e-08
422.0,0.0,0.0,0.0,2.8942733818657172e-08,2.6877939779547478e-08,2.244274804395569e-08
423.0,0.0,0.0,0.0,2.858094964592396e-08,3.3200638490104114e-08,2.4218532945196522e-08
424.0,0.0,0.0,0.0,2.822368777534991e-08,2.8877374716125955e-08,2.358311322060821e-08
425.0,0.0,0.0,0.0,2.7870891678158037e-08,2.6406320915353885e-08,2.3341370366290603e-08
426.0,0.0,0.0,0.0,2.7522505532181062e-08,2.9354366136740258e-08,2.877218118214326e-08
427.0,0.0,0.0,0.0,2.7178474213028795e-08,2.6960183909906125e-08,2.457344992606506e-08
428.0,0.0,0.0,0.0,2.6838743285365936e-08,2.6332980392730272e-08,2.4645610974820006e-08
429.0,0.0,0.0,0.0,2.6503258994298862e-08,2.7627804738127848e-08,2.0300136502184387e-08
430.0,0.0,0.0,0.0,2.6171968256870124e-08,2.3588203720406744e-08,2.2246845163909267e-08
431.0,0.0,0.0,0.0,2.584481865365925e-08,2.6550073061493592e-08,2.369094204817635e-08
432.0,0.0,0.0,0.0,2.5521758420488507e-08,2.934766803595201e-08,2.0920524752613642e-08
433.0,0.0,0.0,0.0,2.52027364402324e-08,2.6135091764627022e-08,2.4498588483245132e-08
434.0,0.0,0.0,0.0,2.4887702234729494e-08,2.4135278027162567e-08,1.9993538839454482e-08
435.0,0.0,0.0,0.0,2.4576605956795376e-08,2.3562395395938894e-08,2.1546213089385486e-08
436.0,0.0,0.0,0.0,2.4269398382335434e-08,2.3448718435645214e-08,2.0670355264150775e-08
437.0,0.0,0.0,0.0,2.396603090255624e-08,2.3458105546460677e-08,2.189806913106445e-08
438.0,0.0,0.0,0.0,2.3666455516274285e-08,2.291084245075774e-08,2.0018829820936005e-08
439.0,0.0,0.0,0.0,2.3370624822320858e-08,2.520324770446999e-08,2.0491775085946898e-08
440.0,0.0,0.0,0.0,2.3078492012041845e-08,1.961207380562388e-08,2.029838262728169e-08
441.0,0.0,0.0,0.0,2.2790010861891322e-08,2.451401096271559e-08,1.9042234260919587e-08
442.0,0.0,0.0,0.0,2.2505135726117682e-08,2.174576267583256e-08,2.1224809890500142e-08
443.0,0.0,0.0,0.0,2.222382152954121e-08,2.2977717100931954e-08,2.047821612626194e-08
444.0,0.0,0.0,0.0,2.1946023760421947e-08,1.9692047940020218e-08,1.9574193493873415e-08
445.0,0.0,0.0,0.0,2.167169846341667e-08,2.432896059711554e-08,1.8643611950151085e-08
446.0,0.0,0.0,0.0,2.140080223262396e-08,2.3892072152967708e-08,2.085381007040156e-08
447.0,0.0,0.0,0.0,2.1133292204716162e-08,2.3052473256216308e-08,1.8548294496616184e-08
448.0,0.0,0.0,0.0,2.086912605215721e-08,1.783961650057013e-08,1.8168818871289612e-08
449.0,0.0,0.0,0.0,2.0608261976505247e-08,2.2266504118637354e-08,1.8756815838630974e-08
450.0,0.0,0.0,0.0,2.035065870179893e-08,2.1160368877070347e-08,2.1708766197560738e-08
451.0,0.0,0.0,0.0,2.0096275468026442e-08,1.6885732973761306e-08,1.540593550518139e-08
452.0,0.0,0.0,0.0,1.984507202467611e-08,1.979647725713448e-08,1.9400278608319208e-08
453.0,0.0,0.0,0.0,1.959700862436766e-08,2.0326077602434185e-08,1.385096543945468e-08
454.0,0.0,0.0,0.0,1.9352046016563063e-08,2.0464196564209364e-08,1.7851387731364004e-08
455.0,0.0,0.0,0.0,1.9110145441356023e-08,1.9464668175253733e-08,2.0349296552437883e-08
456.0,0.0,0.0,0.0,1.8871268623339073e-08,1.9453731457033832e-08,1.796147880993978e-08
457.0,0.0,0.0,0.0,1.8635377765547334e-08,2.1582600550053525e-08,1.7113090146072186e-08
458.0,0.0,0.0,0.0,1.8402435543477993e-08,2.0854503363299354e-08,1.544129305152404e-08
459.0,0.0,0.0,0.0,1.817240509918452e-08,1.2438295191619033e-08,1.6417258990243177e-08
460.0,0.0,0.0,0.0,1.7945250035444712e-08,1.731037292576935e-08,1.564659940109353e-08
461.0,0.0,0.0,0.0,1.7720934410001652e-08,1.739163235491375e-08,1.4376887753138777e-08
462.0,0.0,0.0,0.0,1.7499422729876633e-08,1.399522558442269e-08,1.5169729225939232e-08
463.0,0.0,0.0,0.0,1.7280679945753176e-08,1.74690460622178e-08,1.594937427243074e-08
464.0,0.0,0.0,0.0,1.7064671446431258e-08,1.956218699125227e-08,1.382377016472685e-08
465.0,0.0,0.0,0.0,1.685136305335087e-08,1.4678227334169688e-08,1.3553663106646415e-08
466.0,0.0,0.0,0.0,1.6640721015183986e-08,1.731352289256373e-08,1.2256162038481239e-08
467.0,0.0,0.0,0.0,1.6432712002494188e-08,1.4601065047901312e-08,1.557089085442256e-08
468.0,0.0,0.0,0.0,1.622730310246301e-08,1.4883479055103654e-08,1.569521931615083e-08
469.0,0.0,0.0,0.0,1.6024461813682223e-08,1.8979249082022294e-08,1.4885336520787036e-08
470.0,0.0,0.0,0.0,1.5824156041011195e-08,1.4739040400787544e-08,1.6172081422367407e-08
471.0,0.0,0.0,0.0,1.5626354090498553e-08,1.6550779068519803e-08,1.4239453955610152e-08
472.0,0.0,0.0,0.0,1.543102466436732e-08,1.1688588432245344e-08,1.4671944072662102e-08
473.0,0.0,0.0,0.0,1.523813685606273e-08,1.8962771978852488e-08,1.4321998021731583e-08
474.0,0.0,0.0,0.0,1.5047660145361946e-08,1.6252965037974944e-08,1.3359814091989335e-08
475.0,0.0,0.0,0.0,1.4859564393544921e-08,1.4494564708244399e-08,1.2311964297931133e-08
476.0,0.0,0.0,0.0,1.4673819838625609e-08,1.58249128586254e-08,1.7634743086346872e-08
477.0,0.0,0.0,0.0,1.449039709064279e-08,1.1670758232747169e-08,1.2137455421871493e-08
478.0,0.0,0.0,0.0,1.4309267127009753e-08,1.6674328610515067e-08,1.1546584992067905e-08
479.0,0.0,0.0,0.0,1.4130401287922131e-08,1.3482431736929272e-08,1.3585380806030131e-08
480.0,0.0,0.0,0.0,1.3953771271823105e-08,1.3545632241726236e-08,1.3062102975230804e-08
481.0,0.0,0.0,0.0,1.3779349130925316e-08,1.2796037900994347e-08,9.591831122612128e-09
482.0,0.0,0.0,0.0,1.360710726678875e-08,1.244580446129758e-08,1.4491753049237353e-08
483.0,0.0,0.0,0.0,1.3437018425953891e-08,1.4826359649210709e-08,1.1904927432656836e-08
484.0,0.0,0.0,0.0,1.3269055695629466e-08,1.3780869395837913e-08,9.720287935635078e-09
485.0,0.0,0.0,0.0,1.3103192499434098e-08,1.4406688782240177e-08,1.4170441478198436e-08
486.0,0.0,0.0,0.0,1.2939402593191172e-08,1.2921813214220029e-08,1.2896813477064363e-08
487.0,0.0,0.0,0.0,1.2777660060776283e-08,1.3804059682930645e-08,8.970810070802826e-09
488.0,0.0,0.0,0.0,1.2617939310016578e-08,1.1780241822166501e-08,1.491051105953037e-08
489.0,0.0,0.0,0.0,1.2460215068641369e-08,1.6919678751460465e-08,1.2531788298509617e-08
490.0,0.0,0.0,0.0,1.2304462380283352e-08,9.168601547422355e-09,1.1053623911004925e-08
491.0,0.0,0.0,0.0,1.215065660052981e-08,1.4672531247655779e-08,1.4116028551720387e-08
492.0,0.0,0.0,0.0,1.1998773393023186e-08,1.4734588294465128e-08,1.1117491621380148e-08
493.0,0.0,0.0,0.0,1.1848788725610396e-08,1.014447111367921e-08,1.0607743702841293e-08
494.0,0.0,0.0,0.0,1.1700678866540267e-08,1.6159226087652212e-08,9.210010747842262e-09
495.0,0.0,0.0,0.0,1.1554420380708514e-08,1.354540094659915e-08,1.156267922125182e-08
496.0,0.0,0.0,0.0,1.1409990125949658e-08,1.335226813959548e-08,1.1222197048002652e-08
497.0,0.0,0.0,0.0,1.1267365249375287e-08,1.132340962342704e-08,1.0169989004217183e-08
498.0,0.0,0.0,0.0,1.1126523183758096e-08,1.0692070867320743e-08,8.43389815764708e-09
499.0,0.0,0.0,0.0,1.098744164396112e-08,1.0568623989881905e-08,1.0148557187897156e-08
500.0,0.0,0.0,0.0,1.0850098623411605e-08,1.1631159816050639e-08,9.625491189546169e-09
501.0,0.0,0.0,0.0,1.071447239061896e-08,1.3516844940686753e-08,6.976076514088662e-09
502.0,0.0,0.0,0.0,1.0580541485736223e-08,1.0943169921459062e-08,6.57886263451423e-09
503.0,0.0,0.0,0.0,1.0448284717164519e-08,8.625397470889938e-09,1.0533763003067607e-08
504.0,0.0,0.0,0.0,1.0317681158199962e-08,1.1966535282969922e-08,4.082136412276589e-09
505.0,0.0,0.0,0.0,1.0188710143722462e-08,1.2031011636512047e-08,9.580660183272736e-09
506.0,0.0,0.0,0.0,1.0061351266925932e-08,1.1370670323821503e-08,8.09905002472569e-09
507.0,0.0,0.0,0.0,9.935584376089357e-09,1.1426582189139323e-08,1.1558519152240243e-08
508.0,0.0,0.0,0.0,9.81138957138824e-09,9.269533311072625e-09,7.843314195941664e-09
509.0,0.0,0.0,0.0,9.688747201745888e-09,7.830768867484728e-09,1.0038840910075092e-08
510.0,0.0,0.0,0.0,9.567637861724064e-09,7.831251000442505e-09,7.817046393076074e-09
511.0,0.0,0.0,0.0,9.448042388452514e-09,6.177115891536798e-09,8.73073445657955e-09
512.0,0.0,0.0,0.0,9.329941858596857e-09,9.803839081688757e-09,9.870620734577274e-09
513.0,0.0,0.0,0.0,9.213317585364397e-09,9.04642001891121e-09,7.366874394178798e-09
514.0,0.0,0.0,0.0,9.098151115547343e-09,8.218175706487924e-09,1.0181445772989416e-08
515.0,0.0,0.0,0.0,8.984424226603e-09,3.0731865779128594e-09,6.098586049729734e-09
516.0,0.0,0.0,0.0,8.872118923770462e-09,6.377483984382125e-09,8.574092716510175e-09
517.0,0.0,0.0,0.0,8.761217437223332e-09,1.1002898740029665e-08,9.730375139076704e-09
518.0,0.0,0.0,0.0,8.651702219258042e-09,7.32245021913178e-09,9.106606980912907e-09
519.0,0.0,0.0,0.0,8.543555941517316e-09,9.264739296830998e-09,1.1522090100836405e-08
520.0,0.0,0.0,0.0,8.43676149224835e-09,5.6553906322978366e-09,6.066206708402194e-09
521.0,0.0,0.0,0.0,8.331301973595246e-09,1.1208712938313708e-08,4.739873273538546e-09
522.0,0.0,0.0,0.0,8.227160698925304e-09,7.93910537881595e-09,5.415774412042534e-09
523.0,0.0,0.0,0.0,8.124321190188738e-09,8.704401983155809e-09,8.63277420426674e-09
524.0,0.0,0.0,0.0,8.022767175311379e-09,1.267432675907475e-08,8.216336326318998e-09
525.0,0.0,0.0,0.0,7.922482585619986e-09,1.0955362786798794e-08,7.334747646352819e-09
526.0,0.0,0.0,0.0,7.823451553299737e-09,7.210320310725621e-09,4.795192299755503e-09
527.0,0.0,0.0,0.0,7.72565840888349e-09,6.539218039142772e-09,8.486827154653264e-09
528.0,0.0,0.0,0.0,7.629087678772446e-09,6.977997655733382e-09,4.416769355594121e-09
529.0,0.0,0.0,0.0,7.53372408278779e-09,8.553520579740862e-09,9.098250839262811e-09
530.0,0.0,0.0,0.0,7.439552531752944e-09,7.229104263251202e-09,1.241047412485738e-08
531.0,0.0,0.0,0.0,7.346558125106032e-09,6.556069835099088e-09,7.34480460573853e-09
532.0,0.0,0.0,0.0,7.2547261485422065e-09,1.018908864996029e-08,7.695469805003471e-09
533.0,0.0,0.0,0.0,7.16404207168543e-09,6.935622288129756e-09,5.461918326725768e-09
534.0,0.0,0.0,0.0,7.074491545789362e-09,1.1673669731864001e-08,2.7466157490367925e-09
535.0,0.0,0.0,0.0,6.986060401466994e-09,7.16754552897134e-09,5.0820156352598496e-09
536.0,0.0,0.0,0.0,6.898734646448657e-09,1.0469371434898113e-08,4.023070699606293e-09
537.0,0.0,0.0,0.0,6.812500463368049e-09,7.527139308789303e-09,3.237241264201213e-09
538.0,0.0,0.0,0.0,6.727344207575948e-09,8.653265354074843e-09,9.499329670809652e-09
539.0,0.0,0.0,0.0,6.643252404981249e-09,5.1940303019458e-09,6.52465220053467e-09
540.0,0.0,0.0,0.0,6.560211749918983e-09,4.852693304744159e-09,6.663565736155052e-09
541.0,0.0,0.0,0.0,6.478209103044996e-09,7.39762101307497e-09,5.212343462347997e-09
542.0,0.0,0.0,0.0,6.3972314892569326e-09,8.374337974187562e-09,5.411766175444367e-09
543.0,0.0,0.0,0.0,6.3172660956412214e-09,6.397779099642147e-09,7.614640850555767e-09
544.0,0.0,0.0,0.0,6.238300269445706e-09,3.6655135992783114e-09,5.549796005110704e-09
545.0,0.0,0.0,0.0,6.160321516077635e-09,3.439804783498981e-09,6.6056772405193375e-09
546.0,0.0,0.0,0.0,6.083317497126665e-09,3.2290446927541825e-09,5.082977151723967e-09
547.0,0.0,0.0,0.0,6.007276028412582e-09,2.4720318025338196e-09,4.7222426441072295e-09
548.0,0.0,0.0,0.0,5.932185078057425e-09,6.1511557969515995e-09,2.5251382390479584e-09
549.0,0.0,0.0,0.0,5.858032764581707e-09,8.108120607997757e-09,1.3167313633892796e-09
550.0,0.0,0.0,0.0,5.784807355024435e-09,5.7579757811748176e-09,4.6832028173891875e-09
551.0,0.0,0.0,0.0,5.71249726308663e-09,1.1916677484109248e-09,5.254240920764432e-09
552.0,0.0,0.0,0.0,5.641091047298047e-09,5.259570126628949e-09,2.50472186915066e-09
553.0,0.0,0.0,0.0,5.570577409206821e-09,5.244979415941607e-09,4.944569938216873e-09
554.0,0.0,0.0,0.0,5.500945191591736e-09,9.692942692042615e-09,5.058355798413567e-09
555.0,0.0,0.0,0.0,5.43218337669684e-09,2.5179075508577272e-09,5.769490269083973e-10
556.0,0.0,0.0,0.0,5.36428108448813e-09,4.582925879289738e-09,2.9976036570803145e-09
557.0,0.0,0.0,0.0,5.297227570932028e-09,8.708932932021156e-09,5.582032601309762e-09
558.0,0.0,0.0,0.0,5.231012226295377e-09,6.130968908988473e-09,5.4820284624573275e-09
559.0,0.0,0.0,0.0,5.165624573466685e-09,6.292250720499534e-09,2.341712283320495e-09
560.0,0.0,0.0,0.0,5.101054266298351e-09,5.330223140346108e-09,4.907844940667986e-09
561.0,0.0,0.0,0.0,5.037291087969622e-09,5.6971781652841506e-09,6.5783764298936045e-09
562.0,0.0,0.0,0.0,4.974324949370002e-09,6.529544009927074e-09,6.031038372414798e-09
563.0,0.0,0.0,0.0,4.9121458875028765e-09,3.2931732497173436e-09,4.23035972472472e-09
564.0,0.0,0.0,0.0,4.85074406390909e-09,6.60686122172549e-09,3.4297170308695966e-09
565.0,0.0,0.0,0.0,4.790109763110227e-09,2.0441037293391483e-09,3.052409818130195e-09
566.0,0.0,0.0,0.0,4.730233391071349e-09,5.386969336734425e-09,5.192849617783528e-09
567.0,0.0,0.0,0.0,4.6711054736829575e-09,5.028587400255612e-09,4.594202872600438e-09
568.0,0.0,0.0,0.0,4.61271665526192e-09,3.3801304788777046e-09,5.410253001940129e-09
569.0,0.0,0.0,0.0,4.5550576970711465e-09,4.509687146419853e-09,4.363299553606336e-09
570.0,0.0,0.0,0.0,4.498119475857758e-09,3.253039170526652e-09,5.685835428966867e-09
571.0,0.0,0.0,0.0,4.441892982409535e-09,2.2984903286860464e-09,4.186888750083982e-09
572.0,0.0,0.0,0.0,4.386369320129417e-09,3.679139836902128e-09,5.517109820379849e-09
573.0,0.0,0.0,0.0,4.331539703627798e-09,2.123562432884475e-09,5.640031273998297e-09
574.0,0.0,0.0,0.0,4.277395457332451e-09,4.922990385518948e-09,2.240602651149579e-09
575.0,0.0,0.0,0.0,4.2239280141157955e-09,1.9237570258110682e-09,1.8524711896272414e-10
576.0,0.0,0.0,0.0,4.1711289139393486e-09,5.595082959921451e-09,6.8410017345745204e-09
577.0,0.0,0.0,0.0,4.118989802515107e-09,1.7560316666574665e-09,4.220408283688119e-09
578.0,0.0,0.0,0.0,4.067502429983668e-09,2.9349125988216553e-09,2.3178039599305845e-10
579.0,0.0,0.0,0.0,4.016658649608872e-09,2.767451833178514e-09,2.1873537902105626e-09
580.0,0.0,0.0,0.0,3.966450416488761e-09,6.616743874238439e-09,5.113553959579542e-09
581.0,0.0,0.0,0.0,3.916869786282652e-09,4.577449677515835e-09,2.9658291453886005e-09
582.0,0.0,0.0,0.0,3.8679089139541186e-09,3.44444130886533e-09,2.456995183920453e-09
583.0,0.0,0.0,0.0,3.819560052529692e-09,4.816998934669139e-09,6.239367767902656e-09
584.0,0.0,0.0,0.0,3.77181555187307e-09,-4.4256914278630614e-10,1.300059703918142e-09
585.0,0.0,0.0,0.0,3.724667857474657e-09,3.6384006781928423e-09,1.7558943562175235e-09
586.0,0.0,0.0,0.0,3.6781095092562235e-09,7.67313786486575e-09,3.7330715084271365e-09
587.0,0.0,0.0,0.0,3.632133140390521e-09,3.896826153195866e-09,4.049829690459234e-09
588.0,0.0,0.0,0.0,3.5867314761356393e-09,3.7225578144743105e-09,4.220744397203539e-09
589.0,0.0,0.0,0.0,3.541897332683944e-09,4.638154091968336e-09,5.010183688553444e-09
590.0,0.0,0.0,0.0,3.497623616025395e-09,5.288834102654086e-09,3.545018495785889e-09
591.0,0.0,0.0,0.0,3.4539033208250772e-09,-5.410300649546423e-10,4.0872808666193884e-09
592.0,0.0,0.0,0.0,3.410729529314764e-09,4.607656573271019e-11,2.551238057753121e-09
593.0,0.0,0.0,0.0,3.3680954101983294e-09,3.788677992370623e-09,3.156682475651925e-09
594.0,0.0,0.0,0.0,3.3259942175708503e-09,1.8962410937758307e-09,3.208463155921034e-09
595.0,0.0,0.0,0.0,3.284419289851215e-09,5.908469814291044e-09,3.3861736325041656e-09
596.0,0.0,0.0,0.0,3.243364048728075e-09,2.613015268957627e-09,4.464107259020789e-09
597.0,0.0,0.0,0.0,3.2028219981189745e-09,-6.662394733072611e-10,3.992831162196739e-09
598.0,0.0,0.0,0.0,3.162786723142487e-09,6.267588894544928e-10,2.9349420566286044e-09
599.0,0.0,0.0,0.0,3.123251889103206e-09,-2.376100150157945e-09,1.1926747303108056e-09
600.0,0.0,0.0,0.0,3.0842112404894157e-09,2.6159601659235905e-09,2.911132632565893e-09
