time_s,drive_on,instant_candidate_residual_N,delayed_thermal_artifact_N,total_force_N
0.0,0.0,0.0,0.0,-5.6035569791487875e-11
1.0,0.0,0.0,0.0,3.8636315962639675e-10
2.0,0.0,0.0,0.0,4.413050614280804e-09
3.0,0.0,0.0,0.0,-1.0475455570824707e-09
4.0,0.0,0.0,0.0,8.445780382507191e-10
5.0,0.0,0.0,0.0,2.1369241344885964e-09
6.0,0.0,0.0,0.0,1.960038281987658e-10
7.0,0.0,0.0,0.0,4.675690238344331e-09
8.0,0.0,0.0,0.0,-7.560785834629535e-10
9.0,0.0,0.0,0.0,6.481784446400942e-10
10.0,0.0,0.0,0.0,-1.597611489785964e-09
11.0,0.0,0.0,0.0,-7.030494702865863e-10
12.0,0.0,0.0,0.0,4.978678207933158e-10
13.0,0.0,0.0,0.0,1.6926081246154595e-09
14.0,0.0,0.0,0.0,6.381896680471484e-10
15.0,0.0,0.0,0.0,2.518229698669472e-09
16.0,0.0,0.0,0.0,-1.899306211853435e-10
17.0,0.0,0.0,0.0,-6.643370596780108e-10
18.0,0.0,0.0,0.0,5.407970214558773e-09
19.0,0.0,0.0,0.0,7.884752988840616e-10
20.0,0.0,0.0,0.0,-1.4389630919570953e-09
21.0,0.0,0.0,0.0,-1.3885275244961378e-09
22.0,0.0,0.0,0.0,-1.885359829062681e-09
23.0,0.0,0.0,0.0,1.873138711713576e-09
24.0,0.0,0.0,0.0,-7.287545857864837e-10
25.0,0.0,0.0,0.0,2.547249513129713e-10
26.0,0.0,0.0,0.0,-1.2701734887653743e-10
27.0,0.0,0.0,0.0,1.4629848158818693e-09
28.0,0.0,0.0,0.0,-1.6934881857680403e-09
29.0,0.0,0.0,0.0,-2.151144572286031e-09
30.0,0.0,0.0,0.0,4.485946143631886e-10
31.0,0.0,0.0,0.0,1.2019185693997942e-09
32.0,0.0,0.0,0.0,6.650646261952816e-10
33.0,0.0,0.0,0.0,-1.6189074581946554e-09
34.0,0.0,0.0,0.0,1.3549696841827878e-09
35.0,0.0,0.0,0.0,-1.4877218541912686e-09
36.0,0.0,0.0,0.0,-1.0430772895727668e-09
37.0,0.0,0.0,0.0,-1.8879070494440046e-09
38.0,0.0,0.0,0.0,2.602316697304062e-09
39.0,0.0,0.0,0.0,1.2668430820546985e-09
40.0,0.0,0.0,0.0,1.2099867513577467e-09
41.0,0.0,0.0,0.0,2.4944228422849007e-09
42.0,0.0,0.0,0.0,5.625298496477447e-09
43.0,0.0,0.0,0.0,-3.4184522078203113e-09
44.0,0.0,0.0,0.0,-1.4767531617542163e-09
45.0,0.0,0.0,0.0,-1.2323501683490477e-09
46.0,0.0,0.0,0.0,-1.7016392447653857e-09
47.0,0.0,0.0,0.0,-2.1551664952074254e-09
48.0,0.0,0.0,0.0,-5.993061281107313e-10
49.0,0.0,0.0,0.0,-2.43320743057881e-09
50.0,0.0,0.0,0.0,6.700847350748264e-10
51.0,0.0,0.0,0.0,1.0339664285722928e-10
52.0,0.0,0.0,0.0,9.620573295273107e-10
53.0,0.0,0.0,0.0,1.0154569032765052e-09
54.0,0.0,0.0,0.0,1.206013706853353e-09
55.0,0.0,0.0,0.0,-7.468178736477647e-10
56.0,0.0,0.0,0.0,4.242286805267335e-09
57.0,0.0,0.0,0.0,4.688622329641955e-10
58.0,0.0,0.0,0.0,-3.72496950524959e-09
59.0,0.0,0.0,0.0,-2.004751491532435e-09
60.0,1.0,3.187507612608e-07,3.75e-10,3.1564475528274434e-07
61.0,1.0,3.187507612608e-07,7.453125e-10,3.195307430191026e-07
62.0,1.0,3.187507612608e-07,1.1109960937499999e-09,3.196181469064433e-07
63.0,1.0,3.187507612608e-07,1.4721086425781248e-09,3.192860185075792e-07
64.0,1.0,3.187507612608e-07,1.828707284545898e-09,3.2460132077014687e-07
65.0,1.0,3.187507612608e-07,2.1808484434890743e-09,3.220295754524429e-07
66.0,1.0,3.187507612608e-07,2.5285878379454614e-09,3.2273154582163813e-07
67.0,1.0,3.187507612608e-07,2.8719804899711427e-09,3.197605947748869e-07
68.0,1.0,3.187507612608e-07,3.2110807338465034e-09,3.199635522119845e-07
69.0,1.0,3.187507612608e-07,3.5459422246734222e-09,3.223703144836673e-07
70.0,1.0,3.187507612608e-07,3.876617946865005e-09,3.2297339348696947e-07
71.0,1.0,3.187507612608e-07,4.203160222529192e-09,3.192412983491003e-07
72.0,1.0,3.187507612608e-07,4.525620719747577e-09,3.229157679348485e-07
73.0,1.0,3.187507612608e-07,4.844050460750733e-09,3.236229558872977e-07
74.0,1.0,3.187507612608e-07,5.158499829991349e-09,3.234789627592491e-07
75.0,1.0,3.187507612608e-07,5.469018582116457e-09,3.2259299901822307e-07
76.0,1.0,3.187507612608e-07,5.775655849840001e-09,3.234473467467977e-07
77.0,1.0,3.187507612608e-07,6.078460151717001e-09,3.244755030253714e-07
78.0,1.0,3.187507612608e-07,6.377479399820539e-09,3.2530984070784065e-07
79.0,1.0,3.187507612608e-07,6.672760907322781e-09,3.266331053332239e-07
80.0,1.0,3.187507612608e-07,6.964351395981246e-09,3.2787682506668295e-07
81.0,1.0,3.187507612608e-07,7.25229700353148e-09,3.2541436281727694e-07
82.0,1.0,3.187507612608e-07,7.536643290987338e-09,3.253750921595566e-07
83.0,1.0,3.187507612608e-07,7.817435249849996e-09,3.274435078577186e-07
84.0,1.0,3.187507612608e-07,8.09471730922687e-09,3.2806716840284855e-07
85.0,1.0,3.187507612608e-07,8.368533342861534e-09,3.2625089373714377e-07
86.0,1.0,3.187507612608e-07,8.638926676075765e-09,3.289704748908081e-07
87.0,1.0,3.187507612608e-07,8.905940092624818e-09,3.2961587203573676e-07
88.0,1.0,3.187507612608e-07,9.169615841467008e-09,3.305037500335843e-07
89.0,1.0,3.187507612608e-07,9.42999564344867e-09,3.317373987176883e-07
90.0,1.0,3.187507612608e-07,9.687120697905562e-09,3.267050496813867e-07
91.0,1.0,3.187507612608e-07,9.941031689181743e-09,3.287195893686468e-07
92.0,1.0,3.187507612608e-07,1.019176879306697e-08,3.2896508544710425e-07
93.0,1.0,3.187507612608e-07,1.0439371683153634e-08,3.289939858068886e-07
94.0,1.0,3.187507612608e-07,1.0683879537114214e-08,3.281361149586939e-07
95.0,1.0,3.187507612608e-07,1.0925331042900285e-08,3.267049682972381e-07
96.0,1.0,3.187507612608e-07,1.1163764404864031e-08,3.30099884557722e-07
97.0,1.0,3.187507612608e-07,1.1399217349803231e-08,3.286132672915074e-07
98.0,1.0,3.187507612608e-07,1.163172713293069e-08,3.305544753552259e-07
99.0,1.0,3.187507612608e-07,1.1861330543769058e-08,3.2902400472117135e-07
100.0,1.0,3.187507612608e-07,1.2088063911971945e-08,3.2863950848108324e-07
101.0,1.0,3.187507612608e-07,1.2311963113072294e-08,3.3153132109462605e-07
102.0,1.0,3.187507612608e-07,1.2533063574158892e-08,3.315856678885719e-07
103.0,1.0,3.187507612608e-07,1.2751400279481905e-08,3.3266072548292376e-07
104.0,1.0,3.187507612608e-07,1.2967007775988382e-08,3.360894965696236e-07
105.0,1.0,3.187507612608e-07,1.3179920178788525e-08,3.324852605020102e-07
106.0,1.0,3.187507612608e-07,1.339017117655367e-08,3.3311109597148194e-07
107.0,1.0,3.187507612608e-07,1.359779403684675e-08,3.301934326399121e-07
108.0,1.0,3.187507612608e-07,1.3802821611386165e-08,3.299797679911134e-07
109.0,1.0,3.187507612608e-07,1.4005286341243838e-08,3.359217064955905e-07
110.0,1.0,3.187507612608e-07,1.420522026197829e-08,3.3110902196291166e-07
111.0,1.0,3.187507612608e-07,1.440265500870356e-08,3.3106552812656625e-07
112.0,1.0,3.187507612608e-07,1.4597621821094766e-08,3.3327018523946167e-07
113.0,1.0,3.187507612608e-07,1.4790151548331082e-08,3.333605279823763e-07
114.0,1.0,3.187507612608e-07,1.4980274653976944e-08,3.3192602290189035e-07
115.0,1.0,3.187507612608e-07,1.5168021220802233e-08,3.33308836044176e-07
116.0,1.0,3.187507612608e-07,1.5353420955542202e-08,3.365629336516424e-07
117.0,1.0,3.187507612608e-07,1.5536503193597926e-08,3.3267527723673433e-07
118.0,1.0,3.187507612608e-07,1.5717296903677954e-08,3.3168071319574556e-07
119.0,1.0,3.187507612608e-07,1.5895830692381977e-08,3.3653177919498154e-07
120.0,1.0,3.187507612608e-07,1.60721328087272e-08,3.3580748789340327e-07
121.0,1.0,3.187507612608e-07,1.6246231148618114e-08,3.337559551681208e-07
122.0,1.0,3.187507612608e-07,1.6418153259260388e-08,3.3200458048780654e-07
123.0,1.0,3.187507612608e-07,1.658792634351963e-08,3.338494408914425e-07
124.0,1.0,3.187507612608e-07,1.6755577264225637e-08,3.3539692965132707e-07
125.0,1.0,3.187507612608e-07,1.6921132548422813e-08,3.3800323798899045e-07
126.0,1.0,3.187507612608e-07,1.7084618391567527e-08,3.337622157026282e-07
127.0,1.0,3.187507612608e-07,1.7246060661672936e-08,3.3582778215945e-07
128.0,1.0,3.187507612608e-07,1.7405484903402025e-08,3.375065354839918e-07
129.0,1.0,3.187507612608e-07,1.75629163421095e-08,3.3155114292266567e-07
130.0,1.0,3.187507612608e-07,1.7718379887833133e-08,3.385367134845109e-07
131.0,1.0,3.187507612608e-07,1.7871900139235217e-08,3.342577602556223e-07
132.0,1.0,3.187507612608e-07,1.802350138749478e-08,3.3743825363520864e-07
133.0,1.0,3.187507612608e-07,1.8173207620151092e-08,3.3741733518017257e-07
134.0,1.0,3.187507612608e-07,1.8321042524899203e-08,3.392409765686269e-07
135.0,1.0,3.187507612608e-07,1.8467029493337964e-08,3.3831963951592506e-07
136.0,1.0,3.187507612608e-07,1.8611191624671243e-08,3.3260737190201127e-07
137.0,1.0,3.187507612608e-07,1.8753551729362852e-08,3.3593475449585087e-07
138.0,1.0,3.187507612608e-07,1.889413233274582e-08,3.379213038522524e-07
139.0,1.0,3.187507612608e-07,1.9032955678586494e-08,3.3739375716714687e-07
140.0,1.0,3.187507612608e-07,1.9170043732604162e-08,3.388760264529177e-07
141.0,1.0,3.187507612608e-07,1.9305418185946612e-08,3.3963491255808604e-07
142.0,1.0,3.187507612608e-07,1.943910045862228e-08,3.394067651922816e-07
143.0,1.0,3.187507612608e-07,1.9571111702889502e-08,3.3789332307858057e-07
144.0,1.0,3.187507612608e-07,1.9701472806603384e-08,3.347595600451624e-07
145.0,1.0,3.187507612608e-07,1.983020439652084e-08,3.3767000315961117e-07
146.0,1.0,3.187507612608e-07,1.9957326841564333e-08,3.395408243986422e-07
147.0,1.0,3.187507612608e-07,2.0082860256044776e-08,3.3665272701174383e-07
148.0,1.0,3.187507612608e-07,2.0206824502844216e-08,3.4022013522388735e-07
149.0,1.0,3.187507612608e-07,2.0329239196558664e-08,3.4089678705189324e-07
150.0,1.0,3.187507612608e-07,2.045012370660168e-08,3.3945461891999336e-07
151.0,1.0,3.187507612608e-07,2.056949716026916e-08,3.3319269868844437e-07
152.0,1.0,3.187507612608e-07,2.0687378445765792e-08,3.3688196298114214e-07
153.0,1.0,3.187507612608e-07,2.080378621519372e-08,3.433269257931059e-07
154.0,1.0,3.187507612608e-07,2.0918738887503797e-08,3.3857642456224703e-07
155.0,1.0,3.187507612608e-07,2.1032254651409997e-08,3.3581472946595197e-07
156.0,1.0,3.187507612608e-07,2.1144351468267375e-08,3.4236560750568795e-07
157.0,1.0,3.187507612608e-07,2.125504707491403e-08,3.4003251951880137e-07
158.0,1.0,3.187507612608e-07,2.136435898647761e-08,3.42325001225193e-07
159.0,1.0,3.187507612608e-07,2.147230449914664e-08,3.4077698311038536e-07
160.0,1.0,3.187507612608e-07,2.1578900692907307e-08,3.412467802261316e-07
161.0,1.0,3.187507612608e-07,2.1684164434245963e-08,3.41160944190475e-07
162.0,1.0,3.187507612608e-07,2.178811237881789e-08,3.4193385026345984e-07
163.0,1.0,3.187507612608e-07,2.1890760974082662e-08,3.4519638313199484e-07
164.0,1.0,3.187507612608e-07,2.199212646190663e-08,3.42684900394625e-07
165.0,1.0,3.187507612608e-07,2.20922248811328e-08,3.376823075062417e-07
166.0,1.0,3.187507612608e-07,2.2191072070118638e-08,3.4183515636147645e-07
167.0,1.0,3.187507612608e-07,2.2288683669242158e-08,3.4332240646624857e-07
168.0,1.0,3.187507612608e-07,2.238507512337663e-08,3.4354123799724895e-07
169.0,1.0,3.187507612608e-07,2.2480261684334423e-08,3.403778129790162e-07
170.0,1.0,3.187507612608e-07,2.257425841328024e-08,3.436549085644565e-07
171.0,1.0,3.187507612608e-07,2.266708018311424e-08,3.4327332624301664e-07
172.0,1.0,3.187507612608e-07,2.275874168082531e-08,3.4665453781556476e-07
173.0,1.0,3.187507612608e-07,2.2849257409814992e-08,3.4010001519811797e-07
174.0,1.0,3.187507612608e-07,2.2938641692192306e-08,3.4067460180019145e-07
175.0,1.0,3.187507612608e-07,2.30269086710399e-08,3.4116543183492e-07
176.0,1.0,3.187507612608e-07,2.3114072312651902e-08,3.4088438927337433e-07
177.0,1.0,3.187507612608e-07,2.3200146408743755e-08,3.4017086617001653e-07
178.0,1.0,3.187507612608e-07,2.328514457863446e-08,3.36510554828087e-07
179.0,1.0,3.187507612608e-07,2.3369080271401527e-08,3.412504425847552e-07
180.0,1.0,3.187507612608e-07,2.3451966768009008e-08,3.429414441482088e-07
181.0,1.0,3.187507612608e-07,2.3533817183408896e-08,3.412981347531971e-07
182.0,1.0,3.187507612608e-07,2.3614644468616285e-08,3.462361680964745e-07
183.0,1.0,3.187507612608e-07,2.369446141275858e-08,3.424719742989903e-07
184.0,1.0,3.187507612608e-07,2.37732806450991e-08,3.4510610001626736e-07
185.0,1.0,3.187507612608e-07,2.385111463703536e-08,3.4312471672329533e-07
186.0,1.0,3.187507612608e-07,2.3927975704072417e-08,3.443315515846589e-07
187.0,1.0,3.187507612608e-07,2.4003876007771512e-08,3.433131203764386e-07
188.0,1.0,3.187507612608e-07,2.4078827557674367e-08,3.455671580822815e-07
189.0,1.0,3.187507612608e-07,2.4152842213203438e-08,3.430154821742682e-07
190.0,1.0,3.187507612608e-07,2.4225931685538392e-08,3.4396893436251594e-07
191.0,1.0,3.187507612608e-07,2.4298107539469164e-08,3.4378153466756925e-07
192.0,1.0,3.187507612608e-07,2.4369381195225795e-08,3.4254357153977114e-07
193.0,1.0,3.187507612608e-07,2.4439763930285473e-08,3.440004898289348e-07
194.0,1.0,3.187507612608e-07,2.4509266881156907e-08,3.477288006343523e-07
195.0,1.0,3.187507612608e-07,2.4577901045142444e-08,3.4278786842175153e-07
196.0,1.0,3.187507612608e-07,2.4645677282078162e-08,3.442353683285846e-07
197.0,1.0,3.187507612608e-07,2.4712606316052187e-08,3.4597892547859103e-07
198.0,1.0,3.187507612608e-07,2.4778698737101533e-08,3.458099665597901e-07
199.0,1.0,3.187507612608e-07,2.4843965002887763e-08,3.436181590991265e-07
200.0,1.0,3.187507612608e-07,2.4908415440351667e-08,3.3889239929523694e-07
201.0,1.0,3.187507612608e-07,2.4972060247347272e-08,3.447562271454442e-07
202.0,1.0,3.187507612608e-07,2.5034909494255434e-08,3.393467222378093e-07
203.0,1.0,3.187507612608e-07,2.509697312557724e-08,3.467876088482597e-07
204.0,1.0,3.187507612608e-07,2.5158260961507524e-08,3.4424796996469405e-07
205.0,1.0,3.187507612608e-07,2.521878269948868e-08,3.4596889200003264e-07
206.0,1.0,3.187507612608e-07,2.527854791574507e-08,3.422250869001829e-07
207.0,1.0,3.187507612608e-07,2.5337566066798258e-08,3.409833123809981e-07
208.0,1.0,3.187507612608e-07,2.539584649096328e-08,3.4466811652004564e-07
209.0,1.0,3.187507612608e-07,2.5453398409826238e-08,3.4413695279071396e-07
210.0,1.0,3.187507612608e-07,2.551023092970341e-08,3.432779105381891e-07
211.0,1.0,3.187507612608e-07,2.556635304308212e-08,3.444864368653476e-07
212.0,1.0,3.187507612608e-07,2.562177363004359e-08,3.499074066749081e-07
213.0,1.0,3.187507612608e-07,2.5676501459668044e-08,3.460963138152062e-07
214.0,1.0,3.187507612608e-07,2.573054519142219e-08,3.4658030366394885e-07
215.0,1.0,3.187507612608e-07,2.5783913376529415e-08,3.462225484204361e-07
216.0,1.0,3.187507612608e-07,2.58366144593228e-08,3.475463000078272e-07
217.0,1.0,3.187507612608e-07,2.5888656778581264e-08,3.4425927469357975e-07
218.0,1.0,3.187507612608e-07,2.5940048568849e-08,3.405812872142984e-07
219.0,1.0,3.187507612608e-07,2.5990797961738386e-08,3.443643869565263e-07
220.0,1.0,3.187507612608e-07,2.6040912987216655e-08,3.4641514566800964e-07
221.0,1.0,3.187507612608e-07,2.6090401574876447e-08,3.429015620454463e-07
222.0,1.0,3.187507612608e-07,2.6139271555190492e-08,3.4453730091501183e-07
223.0,1.0,3.187507612608e-07,2.618753066075061e-08,3.4355475243554594e-07
224.0,1.0,3.187507612608e-07,2.6235186527491226e-08,3.4799000629197745e-07
225.0,1.0,3.187507612608e-07,2.6282246695897585e-08,3.465319219875107e-07
226.0,1.0,3.187507612608e-07,2.6328718612198866e-08,3.4638256111428675e-07
227.0,1.0,3.187507612608e-07,2.6374609629546383e-08,3.463685735165883e-07
228.0,1.0,3.187507612608e-07,2.6419927009177054e-08,3.450961897648728e-07
229.0,1.0,3.187507612608e-07,2.646467792156234e-08,3.4561055174741734e-07
230.0,1.0,3.187507612608e-07,2.6508869447542812e-08,3.4288926154727814e-07
231.0,1.0,3.187507612608e-07,2.6552508579448527e-08,3.409303858827474e-07
232.0,1.0,3.187507612608e-07,2.659560222220542e-08,3.456465257436954e-07
233.0,1.0,3.187507612608e-07,2.6638157194427854e-08,3.460368989677721e-07
234.0,1.0,3.187507612608e-07,2.6680180229497505e-08,3.478494706271483e-07
235.0,1.0,3.187507612608e-07,2.6721677976628782e-08,3.486151108695935e-07
236.0,1.0,3.187507612608e-07,2.6762657001920924e-08,3.486534152327188e-07
237.0,1.0,3.187507612608e-07,2.6803123789396913e-08,3.4355783786360915e-07
238.0,1.0,3.187507612608e-07,2.6843084742029454e-08,3.448893159329299e-07
239.0,1.0,3.187507612608e-07,2.6882546182754086e-08,3.4659397603531683e-07
240.0,1.0,3.187507612608e-07,2.692151435546966e-08,3.50736084971754e-07
241.0,1.0,3.187507612608e-07,2.6959995426026288e-08,3.486709550942541e-07
242.0,1.0,3.187507612608e-07,2.699799548320096e-08,3.479875510679977e-07
243.0,1.0,3.187507612608e-07,2.703552053966095e-08,3.4501070588936237e-07
244.0,1.0,3.187507612608e-07,2.707257653291519e-08,3.4405693853140495e-07
245.0,1.0,3.187507612608e-07,2.7109169326253747e-08,3.474377463538202e-07
246.0,1.0,3.187507612608e-07,2.7145304709675577e-08,3.4369474344200686e-07
247.0,1.0,3.187507612608e-07,2.718098840080463e-08,3.4545487695964404e-07
248.0,1.0,3.187507612608e-07,2.7216226045794574e-08,3.457374314085907e-07
249.0,1.0,3.187507612608e-07,2.7251023220222142e-08,3.4918760865926774e-07
250.0,1.0,3.187507612608e-07,2.7285385429969365e-08,3.4532675208485e-07
251.0,1.0,3.187507612608e-07,2.7319318112094746e-08,3.4119158009574947e-07
252.0,1.0,3.187507612608e-07,2.7352826635693563e-08,3.471124771918185e-07
253.0,1.0,3.187507612608e-07,2.7385916302747394e-08,3.4473863385733956e-07
254.0,1.0,3.187507612608e-07,2.7418592348963053e-08,3.4625461565863856e-07
255.0,1.0,3.187507612608e-07,2.7450859944601015e-08,3.4602821180371675e-07
256.0,1.0,3.187507612608e-07,2.74827241952935e-08,3.4568607746445795e-07
257.0,1.0,3.187507612608e-07,2.751419014285233e-08,3.478456325672217e-07
258.0,1.0,3.187507612608e-07,2.7545262766066676e-08,3.4323029427016126e-07
259.0,1.0,3.187507612608e-07,2.7575946981490842e-08,3.4529267979238214e-07
260.0,1.0,3.187507612608e-07,2.7606247644222206e-08,3.4772508473125695e-07
261.0,1.0,3.187507612608e-07,2.7636169548669427e-08,3.451587612587807e-07
262.0,1.0,3.187507612608e-07,2.766571742931106e-08,3.4319886527157106e-07
263.0,1.0,3.187507612608e-07,2.7694895961444672e-08,3.4778276790875813e-07
264.0,1.0,3.187507612608e-07,2.7723709761926614e-08,3.487206602836097e-07
265.0,1.0,3.187507612608e-07,2.775216338990253e-08,3.464129342354165e-07
266.0,1.0,3.187507612608e-07,2.7780261347528746e-08,3.426093314113897e-07
267.0,1.0,3.187507612608e-07,2.780800808068464e-08,3.479707088348823e-07
268.0,1.0,3.187507612608e-07,2.7835407979676078e-08,3.4326639347763666e-07
269.0,1.0,3.187507612608e-07,2.7862465379930128e-08,3.4723082519442646e-07
270.0,1.0,3.187507612608e-07,2.7889184562681e-08,3.448650181739967e-07
271.0,1.0,3.187507612608e-07,2.7915569755647487e-08,3.4434665244491355e-07
272.0,1.0,3.187507612608e-07,2.7941625133701893e-08,3.458085663603425e-07
273.0,1.0,3.187507612608e-07,2.7967354819530623e-08,3.463515209674761e-07
274.0,1.0,3.187507612608e-07,2.7992762884286487e-08,3.454551076443136e-07
275.0,1.0,3.187507612608e-07,2.8017853348232906e-08,3.4794602116546324e-07
276.0,1.0,3.187507612608e-07,2.8042630181379995e-08,3.459012526852623e-07
277.0,1.0,3.187507612608e-07,2.8067097304112744e-08,3.4877824030825636e-07
278.0,1.0,3.187507612608e-07,2.8091258587811334e-08,3.4740436617989827e-07
279.0,1.0,3.187507612608e-07,2.8115117855463693e-08,3.4547076470307107e-07
280.0,1.0,3.187507612608e-07,2.8138678882270396e-08,3.451575603754058e-07
281.0,1.0,3.187507612608e-07,2.8161945396242016e-08,3.4361771405894716e-07
282.0,1.0,3.187507612608e-07,2.818492107878899e-08,3.4751714869532263e-07
283.0,1.0,3.187507612608e-07,2.820760956530413e-08,3.462491957316014e-07
284.0,1.0,3.187507612608e-07,2.8230014445737824e-08,3.422363846504108e-07
285.0,1.0,3.187507612608e-07,2.82521392651661e-08,3.4593147078042727e-07
286.0,1.0,3.187507612608e-07,2.8273987524351525e-08,3.452226807266416e-07
287.0,1.0,3.187507612608e-07,2.8295562680297132e-08,3.5019767912543843e-07
288.0,1.0,3.187507612608e-07,2.8316868146793416e-08,3.436620721838068e-07
289.0,1.0,3.187507612608e-07,2.8337907294958497e-08,3.4420596695629036e-07
290.0,1.0,3.187507612608e-07,2.8358683453771515e-08,3.493293840007829e-07
291.0,1.0,3.187507612608e-07,2.837919991059937e-08,3.498434874863273e-07
292.0,1.0,3.187507612608e-07,2.839945991171688e-08,3.456602552950656e-07
293.0,1.0,3.187507612608e-07,2.8419466662820418e-08,3.459060562780026e-07
294.0,1.0,3.187507612608e-07,2.8439223329535163e-08,3.4842245538344176e-07
295.0,1.0,3.187507612608e-07,2.8458733037915972e-08,3.4255529470482537e-07
296.0,1.0,3.187507612608e-07,2.8477998874942022e-08,3.435063727667309e-07
297.0,1.0,3.187507612608e-07,2.8497023889005247e-08,3.4668631834810383e-07
298.0,1.0,3.187507612608e-07,2.851581109039268e-08,3.503663534834509e-07
299.0,1.0,3.187507612608e-07,2.8534363451762772e-08,3.4641366453622924e-07
300.0,1.0,3.187507612608e-07,2.8552683908615736e-08,3.4750531875288606e-07
301.0,1.0,3.187507612608e-07,2.857077535975804e-08,3.4958911516568606e-07
302.0,1.0,3.187507612608e-07,2.8588640667761064e-08,3.515531713951174e-07
303.0,1.0,3.187507612608e-07,2.8606282659414053e-08,3.462033469739174e-07
304.0,1.0,3.187507612608e-07,2.8623704126171378e-08,3.473407919395045e-07
305.0,1.0,3.187507612608e-07,2.8640907824594235e-08,3.510357795280799e-07
306.0,1.0,3.187507612608e-07,2.8657896476786807e-08,3.443642591872039e-07
307.0,1.0,3.187507612608e-07,2.8674672770826973e-08,3.494805961727346e-07
308.0,1.0,3.187507612608e-07,2.8691239361191636e-08,3.454053695572691e-07
309.0,1.0,3.187507612608e-07,2.870759886917674e-08,3.4766330486418303e-07
310.0,1.0,3.187507612608e-07,2.8723753883312027e-08,3.4698927704931144e-07
311.0,1.0,3.187507612608e-07,2.8739706959770627e-08,3.4557444501916816e-07
312.0,1.0,3.187507612608e-07,2.8755460622773496e-08,3.4554001802825693e-07
313.0,1.0,3.187507612608e-07,2.8771017364988825e-08,3.480746073542963e-07
314.0,1.0,3.187507612608e-07,2.8786379647926467e-08,3.495282195650518e-07
315.0,1.0,3.187507612608e-07,2.8801549902327388e-08,3.4729283875675036e-07
316.0,1.0,3.187507612608e-07,2.8816530528548293e-08,3.477075181068147e-07
317.0,1.0,3.187507612608e-07,2.883132389694144e-08,3.4872443329032356e-07
318.0,1.0,3.187507612608e-07,2.884593234822967e-08,3.456534560630037e-07
319.0,1.0,3.187507612608e-07,2.8860358193876802e-08,3.490905044715027e-07
320.0,1.0,3.187507612608e-07,2.8874603716453344e-08,3.492640511713728e-07
321.0,1.0,3.187507612608e-07,2.8888671169997675e-08,3.528466850282985e-07
322.0,1.0,3.187507612608e-07,2.8902562780372705e-08,3.4690111566005353e-07
323.0,1.0,3.187507612608e-07,2.8916280745618045e-08,3.4675087840308176e-07
324.0,1.0,3.187507612608e-07,2.892982723629782e-08,3.492185202402453e-07
325.0,1.0,3.187507612608e-07,2.8943204395844098e-08,3.4933217399446836e-07
326.0,1.0,3.187507612608e-07,2.8956414340896047e-08,3.466370012949426e-07
327.0,1.0,3.187507612608e-07,2.8969459161634844e-08,3.469138950685747e-07
328.0,1.0,3.187507612608e-07,2.8982340922114408e-08,3.488153638593505e-07
329.0,1.0,3.187507612608e-07,2.8995061660587978e-08,3.460906544399186e-07
330.0,1.0,3.187507612608e-07,2.9007623389830625e-08,3.469373166746006e-07
331.0,1.0,3.187507612608e-07,2.902002809745774e-08,3.479499748929946e-07
332.0,1.0,3.187507612608e-07,2.903227774623952e-08,3.49774916376684e-07
333.0,1.0,3.187507612608e-07,2.904437427441153e-08,3.4658593830285247e-07
334.0,1.0,3.187507612608e-07,2.9056319595981383e-08,3.4412231193272e-07
335.0,1.0,3.187507612608e-07,2.9068115601031616e-08,3.439856819267952e-07
336.0,1.0,3.187507612608e-07,2.907976415601872e-08,3.4531169928340646e-07
337.0,1.0,3.187507612608e-07,2.9091267104068488e-08,3.452156929284686e-07
338.0,1.0,3.187507612608e-07,2.910262626526763e-08,3.475441660088278e-07
339.0,1.0,3.187507612608e-07,2.9113843436951787e-08,3.4548684439055656e-07
340.0,1.0,3.187507612608e-07,2.912492039398989e-08,3.464701717351475e-07
341.0,1.0,3.187507612608e-07,2.9135858889065016e-08,3.463384483799009e-07
342.0,1.0,3.187507612608e-07,2.9146660652951703e-08,3.470164061920557e-07
343.0,1.0,3.187507612608e-07,2.9157327394789807e-08,3.5055309731863604e-07
344.0,1.0,3.187507612608e-07,2.9167860802354932e-08,3.4924251724201594e-07
345.0,1.0,3.187507612608e-07,2.9178262542325496e-08,3.4796128263367746e-07
346.0,1.0,3.187507612608e-07,2.9188534260546426e-08,3.4701724296018474e-07
347.0,1.0,3.187507612608e-07,2.9198677582289595e-08,3.4708297352984356e-07
348.0,1.0,3.187507612608e-07,2.9208694112510975e-08,3.4861494831321484e-07
349.0,1.0,3.187507612608e-07,2.921858543610459e-08,3.4913768484360917e-07
350.0,1.0,3.187507612608e-07,2.922835311815328e-08,3.4616387936675204e-07
351.0,1.0,3.187507612608e-07,2.9237998704176364e-08,3.480617214762048e-07
352.0,1.0,3.187507612608e-07,2.9247523720374157e-08,3.4393504584384807e-07
353.0,1.0,3.187507612608e-07,2.925692967386948e-08,3.4843111850301066e-07
354.0,1.0,3.187507612608e-07,2.926621805294611e-08,3.495412777976635e-07
355.0,1.0,3.187507612608e-07,2.9275390327284284e-08,3.474660143343225e-07
356.0,1.0,3.187507612608e-07,2.928444794819323e-08,3.516682632012734e-07
357.0,1.0,3.187507612608e-07,2.9293392348840814e-08,3.462816767147687e-07
358.0,1.0,3.187507612608e-07,2.9302224944480305e-08,3.4848786703588684e-07
359.0,1.0,3.187507612608e-07,2.93109471326743e-08,3.4799005890014237e-07
360.0,1.0,3.187507612608e-07,2.9319560293515868e-08,3.4786972621942904e-07
361.0,1.0,3.187507612608e-07,2.932806578984692e-08,3.478501827146374e-07
362.0,1.0,3.187507612608e-07,2.9336464967473834e-08,3.483014362882928e-07
363.0,1.0,3.187507612608e-07,2.934475915538041e-08,3.497914379031078e-07
364.0,1.0,3.187507612608e-07,2.9352949665938155e-08,3.5085918339928763e-07
365.0,1.0,3.187507612608e-07,2.936103779511393e-08,3.481072985669056e-07
366.0,1.0,3.187507612608e-07,2.9369024822675007e-08,3.4975041822781825e-07
367.0,1.0,3.187507612608e-07,2.9376912012391567e-08,3.46724139380658e-07
368.0,1.0,3.187507612608e-07,2.938470061223667e-08,3.496673727784891e-07
369.0,1.0,3.187507612608e-07,2.939239185458371e-08,3.4661917006772973e-07
370.0,1.0,3.187507612608e-07,2.9399986956401415e-08,3.5033206808937767e-07
371.0,1.0,3.187507612608e-07,2.94074871194464e-08,3.5257953013503287e-07
372.0,1.0,3.187507612608e-07,2.941489353045332e-08,3.4792148701531055e-07
373.0,1.0,3.187507612608e-07,2.9422207361322653e-08,3.4378788164050786e-07
374.0,1.0,3.187507612608e-07,2.942942976930612e-08,3.470840451636165e-07
375.0,1.0,3.187507612608e-07,2.9436561897189795e-08,3.506510734265684e-07
376.0,1.0,3.187507612608e-07,2.944360487347492e-08,3.493005197083254e-07
377.0,1.0,3.187507612608e-07,2.945055981255648e-08,3.486991482707065e-07
378.0,1.0,3.187507612608e-07,2.9457427814899526e-08,3.502255257876092e-07
379.0,1.0,3.187507612608e-07,2.9464209967213283e-08,3.491838781065101e-07
380.0,1.0,3.187507612608e-07,2.9470907342623116e-08,3.5065711897832535e-07
381.0,1.0,3.187507612608e-07,2.947752100084033e-08,3.500671296149343e-07
382.0,1.0,3.187507612608e-07,2.9484051988329826e-08,3.512782141546038e-07
383.0,1.0,3.187507612608e-07,2.9490501338475705e-08,3.4895885476708817e-07
384.0,1.0,3.187507612608e-07,2.9496870071744757e-08,3.5005815013553264e-07
385.0,1.0,3.187507612608e-07,2.950315919584795e-08,3.476396663104764e-07
386.0,1.0,3.187507612608e-07,2.950936970589985e-08,3.470572093435818e-07
387.0,1.0,3.187507612608e-07,2.95155025845761e-08,3.5167979912621405e-07
388.0,1.0,3.187507612608e-07,2.95215588022689e-08,3.487047294157143e-07
389.0,1.0,3.187507612608e-07,2.952753931724054e-08,3.498880617097653e-07
390.0,1.0,3.187507612608e-07,2.9533445075775035e-08,3.4853168636539777e-07
391.0,1.0,3.187507612608e-07,2.9539277012327846e-08,3.471170069712879e-07
392.0,1.0,3.187507612608e-07,2.954503604967375e-08,3.4831776309563857e-07
393.0,1.0,3.187507612608e-07,2.955072309905283e-08,3.511734723953883e-07
394.0,1.0,3.187507612608e-07,2.9556339060314667e-08,3.4941758046967355e-07
395.0,1.0,3.187507612608e-07,2.956188482206073e-08,3.448896997633998e-07
396.0,1.0,3.187507612608e-07,2.9567361261784974e-08,3.4788763360943265e-07
397.0,1.0,3.187507612608e-07,2.957276924601266e-08,3.518881180922221e-07
398.0,1.0,3.187507612608e-07,2.9578109630437504e-08,3.4790127716753757e-07
399.0,1.0,3.187507612608e-07,2.958338326005704e-08,3.4473318713738865e-07
400.0,1.0,3.187507612608e-07,2.9588590969306325e-08,3.521254500009514e-07
401.0,1.0,3.187507612608e-07,2.9593733582189995e-08,3.497092798626156e-07
402.0,1.0,3.187507612608e-07,2.959881191241262e-08,3.48209547455587e-07
403.0,1.0,3.187507612608e-07,2.9603826763507464e-08,3.4761175255214333e-07
404.0,1.0,3.187507612608e-07,2.960877892896362e-08,3.5052424404934706e-07
405.0,1.0,3.187507612608e-07,2.9613669192351577e-08,3.472804636526992e-07
406.0,1.0,3.187507612608e-07,2.961849832744718e-08,3.5066577243727914e-07
407.0,1.0,3.187507612608e-07,2.962326709835409e-08,3.494584189306026e-07
408.0,1.0,3.187507612608e-07,2.9627976259624662e-08,3.4886810137139935e-07
409.0,1.0,3.187507612608e-07,2.9632626556379353e-08,3.486744174278505e-07
410.0,1.0,3.187507612608e-07,2.9637218724424613e-08,3.4803804391179627e-07
411.0,1.0,3.187507612608e-07,2.9641753490369306e-08,3.504837949915878e-07
412.0,1.0,3.187507612608e-07,2.964623157173969e-08,3.46666307168336e-07
413.0,1.0,3.187507612608e-07,2.9650653677092943e-08,3.451575646842325e-07
414.0,1.0,3.187507612608e-07,2.9655020506129284e-08,3.4963466201271424e-07
415.0,1.0,3.187507612608e-07,2.9659332749802668e-08,3.4967257066673694e-07
416.0,1.0,3.187507612608e-07,2.9663591090430133e-08,3.493748346562537e-07
417.0,1.0,3.187507612608e-07,2.9667796201799756e-08,3.4923401420183584e-07
418.0,1.0,3.187507612608e-07,2.9671948749277258e-08,3.477816292534021e-07
419.0,1.0,3.187507612608e-07,2.967604938991129e-08,3.5000177605948233e-07
420.0,1.0,3.187507612608e-07,2.96800987725374e-08,3.4833974377982827e-07
421.0,0.0,0.0,2.930909753788068e-08,2.8334870416250324e-08
422.0,0.0,0.0,2.8942733818657172e-08,2.8318951194146372e-08
423.0,0.0,0.0,2.858094964592396e-08,3.262222904347562e-08
424.0,0.0,0.0,2.822368777534991e-08,2.4753735611259046e-08
425.0,0.0,0.0,2.7870891678158037e-08,2.8870467886749634e-08
426.0,0.0,0.0,2.7522505532181062e-08,2.4164284676933626e-08
427.0,0.0,0.0,2.7178474213028795e-08,2.696200753638285e-08
428.0,0.0,0.0,2.6838743285365936e-08,2.5971488315057562e-08
429.0,0.0,0.0,2.6503258994298862e-08,2.2333202400939105e-08
430.0,0.0,0.0,2.6171968256870124e-08,2.695004343773765e-08
431.0,0.0,0.0,2.584481865365925e-08,2.5084742529274857e-08
432.0,0.0,0.0,2.5521758420488507e-08,2.132334573536602e-08
433.0,0.0,0.0,2.52027364402324e-08,2.6881872621780904e-08
434.0,0.0,0.0,2.4887702234729494e-08,2.7757714590707365e-08
435.0,0.0,0.0,2.4576605956795376e-08,2.755685464138852e-08
436.0,0.0,0.0,2.4269398382335434e-08,2.4987311263638377e-08
437.0,0.0,0.0,2.396603090255624e-08,2.405814717971047e-08
438.0,0.0,0.0,2.3666455516274285e-08,2.632276875806588e-08
439.0,0.0,0.0,2.3370624822320858e-08,2.6735391993001053e-08
440.0,0.0,0.0,2.3078492012041845e-08,2.5345629417793097e-08
441.0,0.0,0.0,2.2790010861891322e-08,2.090693565743172e-08
442.0,0.0,0.0,2.2505135726117682e-08,2.2907825432547525e-08
443.0,0.0,0.0,2.222382152954121e-08,2.3102853818124065e-08
444.0,0.0,0.0,2.1946023760421947e-08,1.832678982258749e-08
445.0,0.0,0.0,2.167169846341667e-08,2.2610419782658218e-08
446.0,0.0,0.0,2.140080223262396e-08,2.594678588458274e-08
447.0,0.0,0.0,2.1133292204716162e-08,2.2413164536317747e-08
448.0,0.0,0.0,2.086912605215721e-08,2.3815952215040722e-08
449.0,0.0,0.0,2.0608261976505247e-08,2.097409143676266e-08
450.0,0.0,0.0,2.035065870179893e-08,2.0204222053831288e-08
451.0,0.0,0.0,2.0096275468026442e-08,2.0858818248188393e-08
452.0,0.0,0.0,1.984507202467611e-08,1.8213418728707245e-08
453.0,0.0,0.0,1.959700862436766e-08,1.766945824989888e-08
454.0,0.0,0.0,1.9352046016563063e-08,2.1884655130901795e-08
455.0,0.0,0.0,1.9110145441356023e-08,2.185483012708906e-08
456.0,0.0,0.0,1.8871268623339073e-08,1.6889055992164374e-08
457.0,0.0,0.0,1.8635377765547334e-08,2.0571375374655064e-08
458.0,0.0,0.0,1.8402435543477993e-08,1.822851559226595e-08
459.0,0.0,0.0,1.817240509918452e-08,1.885202224816538e-08
460.0,0.0,0.0,1.7945250035444712e-08,1.886568731431484e-08
461.0,0.0,0.0,1.7720934410001652e-08,1.970963534625029e-08
462.0,0.0,0.0,1.7499422729876633e-08,1.766485913360301e-08
463.0,0.0,0.0,1.7280679945753176e-08,2.0101003936357048e-08
464.0,0.0,0.0,1.7064671446431258e-08,1.7683497125951106e-08
465.0,0.0,0.0,1.685136305335087e-08,1.8099731598289934e-08
466.0,0.0,0.0,1.6640721015183986e-08,1.4974195832109492e-08
467.0,0.0,0.0,1.6432712002494188e-08,2.0750030023903856e-08
468.0,0.0,0.0,1.622730310246301e-08,1.716695294887294e-08
469.0,0.0,0.0,1.6024461813682223e-08,1.745045666437242e-08
470.0,0.0,0.0,1.5824156041011195e-08,1.2607784418588112e-08
471.0,0.0,0.0,1.5626354090498553e-08,1.398095004434035e-08
472.0,0.0,0.0,1.543102466436732e-08,1.7906792040204782e-08
473.0,0.0,0.0,1.523813685606273e-08,1.5811919092647938e-08
474.0,0.0,0.0,1.5047660145361946e-08,1.1220100675704092e-08
475.0,0.0,0.0,1.4859564393544921e-08,1.693614425151256e-08
476.0,0.0,0.0,1.4673819838625609e-08,1.3586254229920162e-08
477.0,0.0,0.0,1.449039709064279e-08,1.7313031062396213e-08
478.0,0.0,0.0,1.4309267127009753e-08,1.4133595769802354e-08
479.0,0.0,0.0,1.4130401287922131e-08,1.4539814659963191e-08
480.0,0.0,0.0,1.3953771271823105e-08,1.6311680429006403e-08
481.0,0.0,0.0,1.3779349130925316e-08,1.1984363189215992e-08
482.0,0.0,0.0,1.360710726678875e-08,1.162141365112087e-08
483.0,0.0,0.0,1.3437018425953891e-08,1.3044021585157676e-08
484.0,0.0,0.0,1.3269055695629466e-08,1.492340129487191e-08
485.0,0.0,0.0,1.3103192499434098e-08,1.0441437994207117e-08
486.0,0.0,0.0,1.2939402593191172e-08,9.60333339341298e-09
487.0,0.0,0.0,1.2777660060776283e-08,1.4425101914863868e-08
488.0,0.0,0.0,1.2617939310016578e-08,1.141198268488257e-08
489.0,0.0,0.0,1.2460215068641369e-08,1.1675763042800803e-08
490.0,0.0,0.0,1.2304462380283352e-08,8.59084157640302e-09
491.0,0.0,0.0,1.215065660052981e-08,1.0792697971825845e-08
492.0,0.0,0.0,1.1998773393023186e-08,1.1983638799760884e-08
493.0,0.0,0.0,1.1848788725610396e-08,1.3709544440856181e-08
494.0,0.0,0.0,1.1700678866540267e-08,1.015821853407099e-08
495.0,0.0,0.0,1.1554420380708514e-08,1.4869172621173507e-08
496.0,0.0,0.0,1.1409990125949658e-08,1.0040878077590056e-08
497.0,0.0,0.0,1.1267365249375287e-08,9.901181646204938e-09
498.0,0.0,0.0,1.1126523183758096e-08,1.4201238287553702e-08
499.0,0.0,0.0,1.098744164396112e-08,1.1410361948688955e-08
500.0,0.0,0.0,1.0850098623411605e-08,9.746049165388451e-09
501.0,0.0,0.0,1.071447239061896e-08,1.0404206128257773e-08
502.0,0.0,0.0,1.0580541485736223e-08,1.3286688640820343e-08
503.0,0.0,0.0,1.0448284717164519e-08,1.3380690356415883e-08
504.0,0.0,0.0,1.0317681158199962e-08,8.68409479965945e-09
505.0,0.0,0.0,1.0188710143722462e-08,1.0103842523564247e-08
506.0,0.0,0.0,1.0061351266925932e-08,1.0241664922261079e-08
507.0,0.0,0.0,9.935584376089357e-09,7.963104155056162e-09
508.0,0.0,0.0,9.81138957138824e-09,9.700019466088252e-09
509.0,0.0,0.0,9.688747201745888e-09,9.699392922649288e-09
510.0,0.0,0.0,9.567637861724064e-09,1.1848056819597536e-08
511.0,0.0,0.0,9.448042388452514e-09,1.1862892445074915e-08
512.0,0.0,0.0,9.329941858596857e-09,8.67152306187884e-09
513.0,0.0,0.0,9.213317585364397e-09,8.785411297642774e-09
514.0,0.0,0.0,9.098151115547343e-09,1.0426735719658614e-08
515.0,0.0,0.0,8.984424226603e-09,7.814047328748976e-09
516.0,0.0,0.0,8.872118923770462e-09,1.0049399227245267e-08
517.0,0.0,0.0,8.761217437223332e-09,8.585404462484903e-09
518.0,0.0,0.0,8.651702219258042e-09,6.7129050637808e-09
519.0,0.0,0.0,8.543555941517316e-09,6.6298825157580225e-09
520.0,0.0,0.0,8.43676149224835e-09,1.1330878884310554e-08
521.0,0.0,0.0,8.331301973595246e-09,8.018459015308648e-09
522.0,0.0,0.0,8.227160698925304e-09,1.1507868886721926e-08
523.0,0.0,0.0,8.124321190188738e-09,7.097048668758918e-09
524.0,0.0,0.0,8.022767175311379e-09,8.605177577574366e-09
525.0,0.0,0.0,7.922482585619986e-09,1.270783603165647e-08
526.0,0.0,0.0,7.823451553299737e-09,5.708678063973178e-09
527.0,0.0,0.0,7.72565840888349e-09,3.9300294090839376e-09
528.0,0.0,0.0,7.629087678772446e-09,1.0202267941346913e-08
529.0,0.0,0.0,7.53372408278779e-09,5.880105872001643e-09
530.0,0.0,0.0,7.439552531752944e-09,7.398139803540476e-09
531.0,0.0,0.0,7.346558125106032e-09,6.174721704202862e-09
532.0,0.0,0.0,7.2547261485422065e-09,7.791051710452838e-09
533.0,0.0,0.0,7.16404207168543e-09,5.262969657313945e-09
534.0,0.0,0.0,7.074491545789362e-09,6.714611370022749e-09
535.0,0.0,0.0,6.986060401466994e-09,7.885691054580063e-09
536.0,0.0,0.0,6.898734646448657e-09,4.8821168739001334e-09
537.0,0.0,0.0,6.812500463368049e-09,5.412332404076272e-09
538.0,0.0,0.0,6.727344207575948e-09,6.032578540378884e-09
539.0,0.0,0.0,6.643252404981249e-09,3.785621536528693e-09
540.0,0.0,0.0,6.560211749918983e-09,5.71508978432149e-09
541.0,0.0,0.0,6.478209103044996e-09,6.715802182850799e-09
542.0,0.0,0.0,6.3972314892569326e-09,5.598133606080076e-09
543.0,0.0,0.0,6.3172660956412214e-09,5.774513109777772e-09
544.0,0.0,0.0,6.238300269445706e-09,6.198496927632535e-09
545.0,0.0,0.0,6.160321516077635e-09,4.848834591213007e-09
546.0,0.0,0.0,6.083317497126665e-09,7.465442628860419e-09
547.0,0.0,0.0,6.007276028412582e-09,8.879232278016134e-09
548.0,0.0,0.0,5.932185078057425e-09,5.003424293666528e-09
549.0,0.0,0.0,5.858032764581707e-09,6.828429227537121e-09
550.0,0.0,0.0,5.784807355024435e-09,5.305573044155141e-09
551.0,0.0,0.0,5.71249726308663e-09,6.443471953163639e-09
552.0,0.0,0.0,5.641091047298047e-09,8.772650109704555e-09
553.0,0.0,0.0,5.570577409206821e-09,6.587896495243019e-09
554.0,0.0,0.0,5.500945191591736e-09,1.9541161139723745e-09
555.0,0.0,0.0,5.43218337669684e-09,6.340174639590758e-09
556.0,0.0,0.0,5.36428108448813e-09,7.830008571106148e-09
557.0,0.0,0.0,5.297227570932028e-09,4.8540352309358225e-09
558.0,0.0,0.0,5.231012226295377e-09,7.222281838531042e-09
559.0,0.0,0.0,5.165624573466685e-09,3.785393491162793e-09
560.0,0.0,0.0,5.101054266298351e-09,2.1299759472538035e-09
561.0,0.0,0.0,5.037291087969622e-09,5.319629125634902e-09
562.0,0.0,0.0,4.974324949370002e-09,1.4613715078773733e-09
563.0,0.0,0.0,4.9121458875028765e-09,4.4326038617156925e-09
564.0,0.0,0.0,4.85074406390909e-09,7.424428589200097e-09
565.0,0.0,0.0,4.790109763110227e-09,9.705839516176648e-10
566.0,0.0,0.0,4.730233391071349e-09,2.171239799243553e-09
567.0,0.0,0.0,4.6711054736829575e-09,2.6070409833598025e-09
568.0,0.0,0.0,4.61271665526192e-09,4.486076935840001e-09
569.0,0.0,0.0,4.5550576970711465e-09,3.823624125778728e-09
570.0,0.0,0.0,4.498119475857758e-09,7.296392239249932e-09
571.0,0.0,0.0,4.441892982409535e-09,6.350589640592931e-09
572.0,0.0,0.0,4.386369320129417e-09,5.376915212266613e-09
573.0,0.0,0.0,4.331539703627798e-09,4.622800332315568e-09
574.0,0.0,0.0,4.277395457332451e-09,5.063855011302106e-09
575.0,0.0,0.0,4.2239280141157955e-09,2.4999633034890453e-09
576.0,0.0,0.0,4.1711289139393486e-09,5.885549621052573e-09
577.0,0.0,0.0,4.118989802515107e-09,1.8949012937967043e-09
578.0,0.0,0.0,4.067502429983668e-09,5.73825641778813e-09
579.0,0.0,0.0,4.016658649608872e-09,6.388943653846533e-09
580.0,0.0,0.0,3.966450416488761e-09,4.388179620664936e-09
581.0,0.0,0.0,3.916869786282652e-09,3.5644436683586997e-09
582.0,0.0,0.0,3.8679089139541186e-09,4.6685287305734654e-09
583.0,0.0,0.0,3.819560052529692e-09,-1.903476687671654e-09
584.0,0.0,0.0,3.77181555187307e-09,4.376331988843993e-09
585.0,0.0,0.0,3.724667857474657e-09,3.4979598617950427e-09
586.0,0.0,0.0,3.6781095092562235e-09,3.5768532831422414e-09
587.0,0.0,0.0,3.632133140390521e-09,5.045198166186176e-09
588.0,0.0,0.0,3.5867314761356393e-09,3.4371936330061837e-09
589.0,0.0,0.0,3.541897332683944e-09,1.261483619381628e-09
590.0,0.0,0.0,3.497623616025395e-09,3.2148182743746388e-09
591.0,0.0,0.0,3.4539033208250772e-09,3.589014288986726e-09
592.0,0.0,0.0,3.410729529314764e-09,3.6405973524767897e-09
593.0,0.0,0.0,3.3680954101983294e-09,3.6919341447684654e-09
594.0,0.0,0.0,3.3259942175708503e-09,5.404732307407957e-09
595.0,0.0,0.0,3.284419289851215e-09,1.11235018378292e-09
596.0,0.0,0.0,3.243364048728075e-09,3.594764961057775e-09
597.0,0.0,0.0,3.2028219981189745e-09,5.782681395355456e-09
598.0,0.0,0.0,3.162786723142487e-09,-3.0643627073190363e-10
599.0,0.0,0.0,3.123251889103206e-09,3.482545250663313e-09
600.0,0.0,0.0,3.0842112404894157e-09,1.9134542365433286e-09
