voltage_V,electric_field_V_per_m,energy_density_J_per_m3,F_electrostatic_N,F_EHD_air_N,F_residual_chi_0_N,F_total_air_chi_0_N,F_residual_chi_1e-06_N,F_total_air_chi_1e-06_N,F_residual_chi_1e-05_N,F_total_air_chi_1e-05_N,F_residual_chi_0.0001_N,F_total_air_chi_0.0001_N
1.0,50.0,1.1067734771250001e-08,5.533867385625e-13,2e-12,0.0,2.5533867385624998e-12,2.7669336928125003e-17,2.553414407899428e-12,2.766933692812501e-16,2.553663431931781e-12,2.7669336928125004e-15,2.5561536722553124e-12
101.33110367892976,5066.555183946488,0.00011364341842880477,5.6821709214402385e-09,2.0535985145580027e-08,0.0,2.6218156067020265e-08,2.841085460720119e-13,2.6218440175566337e-08,2.8410854607201195e-12,2.6220997152480985e-08,2.8410854607201193e-11,2.6246566921627467e-08
201.66220735785953,10083.110367892976,0.0004500987183316046,2.2504935916580233e-08,8.133529175288865e-08,0.0,1.0384022766946889e-07,1.1252467958290115e-12,1.0384135291626471e-07,1.1252467958290117e-11,1.0385148013742718e-07,1.1252467958290116e-10,1.0395275234905179e-07
301.9933110367893,15099.665551839464,0.0010093769674431707,5.0468848372158535e-08,1.8239991982192593e-07,0.0,2.3286876819408447e-07,2.5234424186079265e-12,2.3287129163650308e-07,2.523442418607927e-11,2.3289400261827055e-07,2.5234424186079267e-10,2.3312111243594525e-07
402.32441471571906,20116.22073578595,0.0017914781657635032,8.957390828817516e-08,3.237298693526918e-07,0.0,4.13303777640867e-07,4.478695414408758e-12,4.133082563362814e-07,4.4786954144087587e-11,4.1334856459501106e-07,4.4786954144087583e-10,4.1375164718230786e-07
502.6555183946488,25132.77591973244,0.0027964023132926027,1.3982011566463013e-07,5.053251403451862e-07,0.0,6.451452560098164e-07,6.991005783231507e-12,6.451522470155997e-07,6.991005783231507e-11,6.452151660676488e-07,6.991005783231507e-10,6.458443565881395e-07
602.9866220735786,30149.331103678927,0.004024149410030467,2.0120747050152333e-07,7.271857327994094e-07,0.0,9.283932033009327e-07,1.0060373525076169e-11,9.284032636744578e-07,1.0060373525076169e-10,9.284938070361834e-07,1.0060373525076168e-09,9.293992406534403e-07
703.3177257525083,35165.88628762541,0.0054747194559770975,2.737359727988549e-07,9.89311646715361e-07,0.0,1.2630476195142158e-06,1.3686798639942744e-11,1.2630613063128557e-06,1.3686798639942745e-10,1.2631844875006153e-06,1.3686798639942745e-09,1.26441629937821e-06
803.6488294314381,40182.4414715719,0.007148112451132496,3.574056225566248e-07,1.2917028820930414e-06,0.0,1.6491085046496662e-06,1.7870281127831238e-11,1.649126374930794e-06,1.787028112783124e-10,1.6492872074609444e-06,1.787028112783124e-09,1.6508955327624493e-06
903.9799331103679,45198.99665551839,0.00904432839549666,4.5221641977483307e-07,1.6343594389324505e-06,0.0,2.0865758587072835e-06,2.261082098874165e-11,2.0865984695282723e-06,2.2610820988741655e-10,2.086801966917171e-06,2.2610820988741655e-09,2.0888369408061577e-06
1004.3110367892976,50215.55183946488,0.011163367289069593,5.581683644534797e-07,2.017281317233588e-06,0.0,2.5754496816870674e-06,2.7908418222673982e-11,2.57547759010529e-06,2.7908418222673985e-10,2.575728765869294e-06,2.7908418222673985e-09,2.5782405235093348e-06
1104.6421404682274,55232.107023411365,0.013505229131851286,6.752614565925643e-07,2.440468516996454e-06,0.0,3.1157299735890185e-06,3.376307282962821e-11,3.1157637366618483e-06,3.376307282962822e-10,3.116067604317315e-06,3.3763072829628218e-09,3.1191062808719813e-06
1204.9732441471572,60248.662207357855,0.016069913923841748,8.034956961920875e-07,2.903921038221049e-06,0.0,3.7074167344131363e-06,4.017478480960437e-11,3.707456909197946e-06,4.0174784809604377e-10,3.7078184822612324e-06,4.017478480960437e-09,3.711434212894097e-06
1305.304347826087,65265.21739130435,0.018857421665040983,9.428710832520492e-07,3.4076388809073724e-06,0.0,4.350509964159421e-06,4.7143554162602455e-11,4.350557107713584e-06,4.714355416260246e-10,4.350981399701047e-06,4.714355416260246e-09,4.355224319575682e-06
1405.6354515050166,70281.77257525083,0.021867752355448977,1.0933876177724488e-06,3.951622045055424e-06,0.0,5.045009662827873e-06,5.466938088862244e-11,5.045064332208761e-06,5.466938088862245e-10,5.045556356636759e-06,5.466938088862244e-09,5.050476600916735e-06
1505.9665551839464,75298.32775919732,0.025100905995065734,1.2550452997532867e-06,4.535870530665205e-06,0.0,5.790915830418492e-06,6.275226498766433e-11,5.790978582683479e-06,6.275226498766434e-10,5.791543353068369e-06,6.275226498766434e-09,5.797191056917259e-06
1606.2976588628762,80314.8829431438,0.028556882583891264,1.4278441291945633e-06,5.1603843377367145e-06,0.0,6.588228466931278e-06,7.139220645972816e-11,6.588299859137737e-06,7.139220645972817e-10,6.588942388995875e-06,7.139220645972817e-09,6.59536768757725e-06
1706.628762541806,85331.4381270903,0.03223568212192556,1.6117841060962781e-06,5.825163466269952e-06,0.0,7.43694757236623e-06,8.05892053048139e-11,7.437028161571535e-06,8.058920530481391e-10,7.437753464419278e-06,8.058920530481391e-09,7.4450064928967116e-06
1806.9598662207359,90347.99331103679,0.03613730460916863,1.8068652304584313e-06,6.53020791626492e-06,0.0,8.337073146723352e-06,9.034326152292157e-11,8.337163489984874e-06,9.034326152292158e-10,8.33797657933858e-06,9.034326152292158e-09,8.346107472875644e-06
1907.2909698996655,95364.54849498328,0.04026175004562046,2.0130875022810227e-06,7.275517687721612e-06,0.0,9.288605190002634e-06,1.0065437511405114e-10,9.288705844377748e-06,1.0065437511405115e-09,9.289611733753775e-06,1.0065437511405115e-08,9.29867062751404e-06
2007.6220735785953,100381.10367892977,0.044609018431281046,2.230450921564052e-06,8.061092780640038e-06,0.0,1.029154370220409e-05,1.1152254607820263e-10,1.0291655224750167e-05,1.1152254607820264e-09,1.0292658927664872e-05,1.1152254607820263e-08,1.030269595681191e-05
2107.953177257525,105397.65886287625,0.04917910976615041,2.4589554883075204e-06,8.88693319502019e-06,0.0,1.134588868332771e-05,1.2294777441537603e-10,1.1346011631102124e-05,1.2294777441537603e-09,1.1347118161071863e-05,1.2294777441537603e-08,1.1358183460769246e-05
2208.2842809364547,110414.21404682273,0.05397202405022852,2.698601202511426e-06,9.753038930862069e-06,0.0,1.2451640133373495e-05,1.349300601255713e-10,1.2451775063433621e-05,1.3493006012557132e-09,1.2452989433974751e-05,1.3493006012557132e-08,1.2465133139386052e-05
2308.6153846153848,115430.76923076923,0.05898776128351543,2.9493880641757716e-06,1.0659409988165682e-05,0.0,1.3608798052341453e-05,1.4746940320878856e-10,1.3608945521744661e-05,1.474694032087886e-09,1.361027274637354e-05,1.4746940320878858e-08,1.3623544992662332e-05
2408.9464882943143,120447.32441471571,0.06422632146601108,3.211316073300554e-06,1.1606046366931016e-05,0.0,1.481736244023157e-05,1.605658036650277e-10,1.4817523006035235e-05,1.6056580366502773e-09,1.481896809826822e-05,1.6056580366502773e-08,1.4833419020598072e-05
2509.277591973244,125463.8795986622,0.0696877045977155,3.4843852298857755e-06,1.2592948067158084e-05,0.0,1.607733329704386e-05,1.7421926149428875e-10,1.6077507516305354e-05,1.7421926149428879e-09,1.60790754896588e-05,1.742192614942888e-08,1.6094755223193287e-05
2609.608695652174,130480.4347826087,0.07537191067862872,3.768595533931436e-06,1.3620115088846881e-05,0.0,1.7388710622778317e-05,1.884297766965718e-10,1.7388899052555012e-05,1.8842977669657183e-09,1.7390594920545283e-05,1.8842977669657182e-08,1.7407553600447976e-05
2709.9397993311036,135496.98996655518,0.08127893970875065,4.063946985437532e-06,1.4687547431997403e-05,0.0,1.8751494417434935e-05,2.0319734927187663e-10,1.8751697614784208e-05,2.0319734927187665e-09,1.8753526390927654e-05,2.0319734927187666e-08,1.8771814152362122e-05
2810.270903010033,140513.54515050165,0.08740879168808137,4.370439584404068e-06,1.5795245096609655e-05,0.0,2.0165684681013722e-05,2.1852197922020344e-10,2.016590320299294e-05,2.1852197922020343e-09,2.0167869900805925e-05,2.1852197922020343e-08,2.0187536878935743e-05
2910.6020066889632,145530.10033444816,0.09376146661662088,4.688073330831044e-06,1.694320808268364e-05,0.0,2.1631281413514684e-05,2.3440366654155217e-10,2.1631515817181225e-05,2.3440366654155222e-09,2.16336254501801e-05,2.344036665415522e-08,2.165472178016884e-05
3010.933110367893,150546.65551839463,0.10033696449436912,5.016848224718456e-06,1.8131436390219347e-05,0.0,2.31482846149378e-05,2.508424112359228e-10,2.3148535457349036e-05,2.508424112359228e-09,2.315079303905016e-05,2.508424112359228e-08,2.3173368856061393e-05
3111.264214046823,155563.21070234114,0.10713528532132617,5.356764266066308e-06,1.9359930019216785e-05,0.0,2.4716694285283092e-05,2.6783821330331545e-10,2.4716962123496394e-05,2.678382133033155e-09,2.4719372667416127e-05,2.6783821330331546e-08,2.4743478106613422e-05
3211.5953177257525,160579.7658862876,0.11415642909749195,5.707821454874597e-06,2.0628688969675954e-05,0.0,2.633651042455055e-05,2.8539107274372986e-10,2.6336795815623293e-05,2.853910727437299e-09,2.6339364335277987e-05,2.853910727437299e-08,2.6365049531824923e-05
3311.926421404682,165596.3210702341,0.12140039582286648,6.070019791143324e-06,2.1937713241596847e-05,0.0,2.800773303274017e-05,3.035009895571662e-10,2.800803653372973e-05,3.0350098955716628e-09,2.8010768042635744e-05,3.035009895571663e-08,2.803808313169589e-05
3412.257525083612,170612.8762541806,0.12886718549744983,6.44335927487249e-06,2.3287002834979473e-05,0.0,2.9730362109851962e-05,3.2216796374362454e-10,2.9730684277815707e-05,3.221679637436246e-09,2.9733583789489398e-05,3.2216796374362455e-08,2.9762578906226325e-05
3512.5886287625417,175629.43143812707,0.13655679812124188,6.827839906062094e-06,2.4676557749823827e-05,0.0,3.1504397655885924e-05,3.413919953031047e-10,3.1504739047881224e-05,3.4139199530310476e-09,3.150781157583896e-05,3.413919953031047e-08,3.153853685541624e-05
3612.9197324414718,180645.98662207357,0.14446923369424278,7.223461684712138e-06,2.6106377986129915e-05,0.0,3.332983967084205e-05,3.6117308423560694e-10,3.333020084392629e-05,3.6117308423560696e-09,3.333345140168441e-05,3.6117308423560695e-08,3.336595697926561e-05
3713.2508361204013,185662.54180602008,0.15260449221645242,7.630224610822622e-06,2.757646354389772e-05,0.0,3.520668815472034e-05,3.8151123054113107e-10,3.520706966595088e-05,3.815112305411311e-09,3.5210503267025754e-05,3.815112305411311e-08,3.524483927777446e-05
3813.581939799331,190679.09698996655,0.16096257368787079,8.04812868439354e-06,2.9086814423127254e-05,0.0,3.713494310752079e-05,4.0240643421967695e-10,3.713534551395501e-05,4.02406434219677e-09,3.7138967171862986e-05,4.02406434219677e-08,3.717518375094276e-05
3913.913043478261,195695.65217391305,0.16954347810849799,8.477173905424898e-06,3.063743062381853e-05,0.0,3.911460452924343e-05,4.2385869527124493e-10,3.91150283879387e-05,4.23858695271245e-09,3.911884311619614e-05,4.23858695271245e-08,3.915699039877055e-05
4014.2441471571906,200712.20735785953,0.17834720547833385,8.917360273916694e-06,3.222831214597152e-05,0.0,4.1145672419888216e-05,4.458680136958346e-10,4.114611828790191e-05,4.458680136958347e-09,4.1150131100025175e-05,4.4586801369583464e-08,4.11902592212578e-05
4114.57525083612,205728.762541806,0.18737375579737853,9.368687789868926e-06,3.385945898958624e-05,0.0,4.322814677945517e-05,4.684343894934463e-10,4.322861521384466e-05,4.684343894934464e-09,4.32328311233501e-05,4.684343894934463e-08,4.327499021840451e-05
4214.90635451505,210745.3177257525,0.196623129065632,9.831156453281602e-06,3.5530871154662696e-05,0.0,4.5362027607944295e-05,4.915578226640799e-10,4.536251916576696e-05,4.9155782266408e-09,4.5366943186170935e-05,4.9155782266408e-08,4.54111833902107e-05
4315.23745819398,215761.872909699,0.20609532528309424,1.0304766264154711e-05,3.7242548641200884e-05,0.0,4.7547314905355594e-05,5.152383132077356e-10,4.75478301436688e-05,5.152383132077356e-09,4.755246728848767e-05,5.152383132077356e-08,4.7598838736676365e-05
4415.568561872909,220778.42809364546,0.21579034444976516,1.0789517222488258e-05,3.8994491449200786e-05,0.0,4.978400867168904e-05,5.394758611244129e-10,4.978454814755017e-05,5.39475861124413e-09,4.978940343030028e-05,5.39475861124413e-08,4.983795625780148e-05
4515.8996655518395,225794.98327759196,0.22570818656564495,1.1285409328282247e-05,4.0786699578662434e-05,0.0,5.207210890694468e-05,5.642704664141124e-10,5.207267317741109e-05,5.642704664141124e-09,5.2077751611608824e-05,5.642704664141124e-08,5.212853595358609e-05
4616.2307692307695,230811.53846153847,0.23584885163073352,1.1792442581536676e-05,4.26191730295858e-05,0.0,5.441161561112248e-05,5.896221290768337e-10,5.4412205233251556e-05,5.896221290768338e-09,5.441751183241325e-05,5.896221290768338e-08,5.4470577824030165e-05
4716.561872909699,235828.0936454849,0.2462123396450307,1.2310616982251534e-05,4.449191180197089e-05,0.0,5.6802528784222426e-05,6.155308491125768e-10,5.6803144315071535e-05,6.1553084911257684e-09,5.680868409271355e-05,6.155308491125768e-08,5.686408186913368e-05
4816.892976588629,240844.64882943142,0.2567986506085368,1.2839932530426837e-05,4.6404915895817716e-05,0.0,5.9244848426244554e-05,6.41996626521342e-10,5.9245490422871075e-05,6.41996626521342e-09,5.925126839250977e-05,6.41996626521342e-08,5.9309048088896686e-05
4917.224080267559,245861.20401337792,0.2676077845212516,1.338038922606258e-05,4.8358185311126273e-05,0.0,6.173857453718886e-05,6.69019461303129e-10,6.173924355665016e-05,6.690194613031291e-09,6.17452647318019e-05,6.690194613031291e-08,6.180547648331917e-05
5017.555183946488,250877.7591973244,0.2786397413831752,1.3931987069158759e-05,5.035172004789655e-05,0.0,6.42837071170553e-05,6.96599353457938e-10,6.428440371640877e-05,6.965993534579381e-09,6.429067311058989e-05,6.965993534579381e-08,6.43533670524011e-05
5117.886287625418,255894.3143812709,0.2898945211943076,1.4494726059715377e-05,5.238552010612856e-05,0.0,6.688024616584394e-05,7.24736302985769e-10,6.688097090214692e-05,7.247363029857691e-09,6.68874935288738e-05,7.24736302985769e-08,6.695271979614252e-05
5218.217391304348,260910.8695652174,0.30137212395464874,1.5068606197732437e-05,5.445958548582231e-05,0.0,6.952819168355475e-05,7.534303098866219e-10,6.952894511386463e-05,7.53430309886622e-09,6.953572598665361e-05,7.53430309886622e-08,6.960353471454341e-05
5318.548494983277,265927.42474916385,0.3130725496641985,1.5653627483209924e-05,5.657391618697777e-05,0.0,7.222754367018768e-05,7.826813741604963e-10,7.222832635156185e-05,7.826813741604964e-09,7.223537048392929e-05,7.826813741604964e-08,7.230581180760373e-05
5418.879598662207,270943.97993311036,0.3249957983229572,1.6249789916147862e-05,5.872851220959497e-05,0.0,7.497830212574283e-05,8.124894958073931e-10,7.497911461523863e-05,8.124894958073932e-09,7.49864270207009e-05,8.124894958073932e-08,7.505955107532357e-05
5519.210702341137,275960.53511705686,0.33714186993092465,1.6857093496546234e-05,6.09233735536739e-05,0.0,7.778046705022013e-05,8.428546748273116e-10,7.778130990489495e-05,8.428546748273117e-09,7.778889559696841e-05,8.428546748273116e-08,7.786475251770287e-05
5619.541806020066,280977.0903010033,0.34951076448810076,1.7475538224405038e-05,6.315850021921454e-05,0.0,8.063403844361957e-05,8.737769112202518e-10,8.063491222053079e-05,8.73776911220252e-09,8.064277621273178e-05,8.737769112202519e-08,8.07214161347416e-05
5719.872909698996,285993.6454849498,0.3621024819944857,1.8105124099724285e-05,6.543389220621693e-05,0.0,8.353901630594122e-05,9.052562049862142e-10,8.35399215621462e-05,9.052562049862142e-09,8.354806886799108e-05,9.052562049862143e-08,8.362954192643983e-05
5820.2040133779265,291010.2006688963,0.37491702245007946,1.8745851122503975e-05,6.774954951468104e-05,0.0,8.649540063718501e-05,9.372925561251988e-10,8.649633792974114e-05,9.372925561251988e-09,8.650477356274626e-05,9.372925561251989e-08,8.658912989279753e-05
5920.5351170568565,296026.7558528428,0.387954385854882,1.9397719292744098e-05,7.010547214460689e-05,0.0,8.9503191437351e-05,9.69885964637205e-10,8.950416132331563e-05,9.69885964637205e-09,8.951289029699737e-05,9.698859646372051e-08,8.960018003381472e-05
6020.866220735786,301043.31103678927,0.4012145722088931,2.0060728610444657e-05,7.250166009599444e-05,0.0,9.25623887064391e-05,1.0030364305222327e-09,9.256339174286963e-05,1.0030364305222329e-08,9.257241907074433e-05,1.0030364305222329e-07,9.266269234949132e-05
6121.197324414716,306059.86622073577,0.41469758151211317,2.073487907560566e-05,7.493811336884375e-05,0.0,9.567299244444942e-05,1.036743953780283e-09,9.567402918840319e-05,1.0367439537802831e-08,9.568335988398722e-05,1.036743953780283e-07,9.577666683982744e-05
6221.528428093646,311076.4214046823,0.428403413764542,2.14201706882271e-05,7.741483196315478e-05,0.0,9.883500265138188e-05,1.071008534411355e-09,9.883607365991629e-05,1.071008534411355e-08,9.8845712736726e-05,1.0710085344113551e-07,9.894210350482301e-05
6321.859531772575,316092.9765886287,0.44233206896617944,2.211660344830897e-05,7.99318158789275e-05,0.0,0.00010204841932723648,1.1058301724154485e-09,0.00010204952515740889,1.1058301724154487e-08,0.00010205947762896063,1.1058301724154487e-07,0.00010215900234447803
6422.190635451505,321109.5317725752,0.4564835471170258,2.282417735585129e-05,8.2489065116162e-05,0.0,0.00010531324247201329,1.1412088677925645e-09,0.00010531438368088108,1.1412088677925646e-08,0.00010532465456069122,1.1412088677925646e-07,0.00010542736335879255
6522.521739130435,326126.0869565217,0.47085784821708093,2.3542892410854045e-05,8.508657967485822e-05,0.0,0.00010862947208571227,1.1771446205427025e-09,0.00010863064923033282,1.1771446205427026e-08,0.0001086412435319177,1.1771446205427026e-07,0.00010874718654776654
6622.852842809364,331142.6421404682,0.48545497226634465,2.427274861331723e-05,8.772435955501615e-05,0.0,0.00011199710816833339,1.2136374306658617e-09,0.00011199832180576405,1.2136374306658619e-08,0.00011200924454264005,1.2136374306658618e-07,0.00011211847191139997
6723.183946488294,336159.1973244147,0.5002749192648174,2.5013745963240867e-05,9.040240475663583e-05,0.0,0.0001154161507198767,1.2506872981620435e-09,0.00011541740140717487,1.2506872981620437e-08,0.00011542865759285832,1.2506872981620435e-07,0.00011554121944969291
6823.515050167224,341175.7525083612,0.5153176892124987,2.5765884460624932e-05,9.312071527971724e-05,0.0,0.00011888659974034217,1.2882942230312467e-09,0.00011888788803456521,1.2882942230312467e-08,0.00011889948268257249,1.2882942230312468e-07,0.00011901542916264529
6923.846153846153,346192.3076923077,0.5305832821093889,2.6529164105469444e-05,9.587929112426034e-05,0.0,0.0001224084552297298,1.3264582052734723e-09,0.00012240978168793506,1.3264582052734724e-08,0.00012242171981178253,1.3264582052734722e-07,0.00012254110105025713
7024.177257525083,351208.86287625413,0.5460716979554877,2.730358489777439e-05,9.86781322902652e-05,0.0,0.0001259817171880396,1.3651792448887193e-09,0.00012598308236728446,1.3651792448887195e-08,0.00012599536898048847,1.3651792448887194e-07,0.00012611823511252845
7124.508361204013,356225.41806020064,0.5617829367507955,2.8089146837539772e-05,0.00010151723877773178,0.0,0.00012960638561527156,1.4044573418769887e-09,0.00012960779007261343,1.4044573418769889e-08,0.00012962043018869033,1.4044573418769888e-07,0.00012974683134945925
7224.8394648829435,361241.97324414714,0.5777169984953119,2.88858499247656e-05,0.00010439661058666011,0.0,0.0001332824605114257,1.4442924962382795e-09,0.00013328390480392194,1.4442924962382797e-08,0.0001332969034363881,1.4442924962382797e-07,0.00013342688976104953
7325.170568561873,366258.52842809365,0.5938738831890372,2.969369415945186e-05,0.00010731624771705013,0.0,0.00013700994187650198,1.4846847079725931e-09,0.00013701142656120994,1.4846847079725932e-08,0.0001370247887235817,1.4846847079725932e-07,0.00013715841034729923
7425.501672240803,371275.08361204015,0.6102535908319713,3.051267954159856e-05,0.00011027615016890192,0.0,0.00014078882971050048,1.5256339770799281e-09,0.00014079035534447757,1.5256339770799284e-08,0.00014080408605027128,1.5256339770799283e-07,0.00014094139310820848
7525.832775919733,376291.63879598666,0.6268561214241141,3.13428060712057e-05,0.00011327631794221542,0.0,0.00014461912401342113,1.5671403035602852e-09,0.0001446206911537247,1.5671403035602854e-08,0.00014463479541645672,1.5671403035602853e-07,0.00014477583804377715
7626.163879598662,381308.1939799331,0.6436814749654654,3.2184073748273265e-05,0.00011631675103699063,0.0,0.00014850082478526388,1.6092036874136636e-09,0.00014850243398895128,1.6092036874136636e-08,0.00014851691682213802,1.6092036874136635e-07,0.00014866174515400525
7726.494983277592,386324.7491638796,0.6607296514560257,3.3036482572801286e-05,0.00011939744945322759,0.0,0.0001524339320260289,1.6518241286400642e-09,0.00015243558385015754,1.6518241286400643e-08,0.0001524504502673153,1.6518241286400642e-07,0.00015259911443889289
7826.826086956522,391341.3043478261,0.6780006508957949,3.390003254478974e-05,0.00012251841319092628,0.0,0.00015641844573571602,1.695001627239487e-09,0.00015642014073734324,1.6950016272394872e-08,0.0001564353957519884,1.6950016272394872e-07,0.00015658794589843998
7927.157190635451,396357.85953177256,0.6954944732847724,3.477472366423862e-05,0.00012567964225008668,0.0,0.0001604543659143253,1.738736183211931e-09,0.0001604561046505085,1.7387361832119312e-08,0.0001604717532761574,1.7387361832119312e-07,0.0001606282395326465
8027.488294314381,401374.41471571906,0.7132111186229592,3.566055593114796e-05,0.00012888113663070882,0.0,0.00016454169256185678,1.7830277965573979e-09,0.00016454347558965334,1.783027796557398e-08,0.00016455952283982235,1.783027796557398e-07,0.00016471999534151252
8127.819397993311,406390.96989966556,0.7311505869103545,3.6557529345517725e-05,0.0001321228963327927,0.0,0.0001686804256783104,1.827876467275886e-09,0.00016868225355477767,1.8278764672758862e-08,0.00016869870444298317,1.8278764672758862e-07,0.000168863213325038
8228.15050167224,411407.525083612,0.7493128781469585,3.746564390734792e-05,0.00013540492135633828,0.0,0.0001728705652636862,1.8732821953673963e-09,0.00017287243854588157,1.8732821953673964e-08,0.00017288929808563988,1.8732821953673963e-07,0.00017305789348322293
8328.481605351171,416424.0802675586,0.7676979923327716,3.838489961663858e-05,0.00013872721170134564,0.0,0.00017711211131798423,1.919244980831929e-09,0.00017711403056296505,1.919244980831929e-08,0.00017713130376779254,1.919244980831929e-07,0.00017730403581606743
8428.8127090301,421440.635451505,0.7863059294677931,3.9315296473389653e-05,0.0001420897673678147,0.0,0.00018140506384120434,1.9657648236694824e-09,0.00018140702960602802,1.9657648236694827e-08,0.00018142472148944104,1.9657648236694825e-07,0.00018160164032357128
8529.14381270903,426457.19063545146,0.8051366895520233,4.025683447760117e-05,0.00014549258835574544,0.0,0.0001857494228333466,2.0128417238800582e-09,0.0001857514356750705,2.0128417238800585e-08,0.0001857695512505854,2.0128417238800584e-07,0.0001859507070057346
8629.47491638796,431473.745819398,0.8241902725854627,4.120951362927314e-05,0.00014893567466513802,0.0,0.00019014518829441117,2.0604756814636565e-09,0.00019014724877009263,2.060475681463657e-08,0.0001901657930512258,2.060475681463657e-07,0.00019035123586255752
8729.80602006689,436490.3010033445,0.8434666785681106,4.217333392840553e-05,0.00015241902629599223,0.0,0.00019459236022439775,2.1086666964202767e-09,0.00019459446889109417,2.108666696420277e-08,0.00019461344689136194,2.108666696420277e-07,0.00019480322689403978
8830.137123745819,441506.8561872909,0.8629659074999672,4.314829537499835e-05,0.00015594264324830814,0.0,0.00019909093862330649,2.1574147687499178e-09,0.00019909309603807524,2.1574147687499178e-08,0.00019911251277099397,2.157414768749918e-07,0.00019930668010018147
8930.46822742475,446523.4113712375,0.8826879593810328,4.413439796905164e-05,0.0001595065255220859,0.0,0.00020364092349113756,2.206719898452582e-09,0.000203643130211036,2.2067198984525822e-08,0.00020366299069012208,2.2067198984525822e-07,0.0002038615954809828
9030.799331103679,451539.9665551839,0.9026328342113069,4.513164171056535e-05,0.0001631106731173253,0.0,0.00020824231482789065,2.256582085528267e-09,0.00020824457140997617,2.2565820855282675e-08,0.00020826488064874593,2.2565820855282673e-07,0.0002084679730364435
9131.130434782608,456556.5217391304,0.9228005319907897,4.614002659953949e-05,0.00016675508603402643,0.0,0.0002128951126335659,2.3070013299769745e-09,0.0002128974196348959,2.3070013299769746e-08,0.0002129181826468657,2.3070013299769745e-07,0.00021312581276656362
9231.461538461539,461573.07692307694,0.9431910527194819,4.7159552635974085e-05,0.00017043976427218938,0.0,0.00021759931690816346,2.357977631798705e-09,0.00021760167488579527,2.357977631798705e-08,0.00021762289668448144,2.3579776317987048e-07,0.00021783511467134332
9331.792642140468,466589.6321070234,0.9638043963973822,4.8190219819869106e-05,0.00017416470783181395,0.0,0.00022235492765168305,2.4095109909934554e-09,0.00022235733716267404,2.4095109909934557e-08,0.000222379022761593,2.4095109909934554e-07,0.0002225958787507824
9432.123745819397,471606.1872909698,0.9846405630244913,4.923202815122456e-05,0.0001779299167129003,0.0,0.00022716194486412485,2.4616014075612285e-09,0.00022716440646553242,2.4616014075612287e-08,0.00022718656087820045,2.4616014075612287e-07,0.00022740810500488097
9532.454849498328,476622.7424749164,1.0056995526008097,5.028497763004048e-05,0.0001817353909154484,0.0,0.00023202036854548888,2.5142488815020244e-09,0.00023202288279437037,2.5142488815020245e-08,0.0002320455110343039,2.5142488815020245e-07,0.0002322717934336391
9632.785953177257,481639.29765886284,1.0269813651263364,5.134906825631682e-05,0.00018558113043945816,0.0,0.00023693019869577497,2.567453412815841e-09,0.0002369327661491878,2.5674534128158415e-08,0.00023695587322990314,2.5674534128158415e-07,0.00023718694403705655
9733.117056856187,486655.85284280934,1.048486000601072,5.24243000300536e-05,0.00018946713528492966,0.0,0.00024189143531498327,2.6212150015026805e-09,0.00024189405652998478,2.6212150015026806e-08,0.0002419176474649983,2.6212150015026805e-07,0.00024215355681513355
9833.448160535117,491672.40802675585,1.0702134590250165,5.3510672951250816e-05,0.00019339340545186296,0.0,0.0002469040784031138,2.675533647562541e-09,0.00024690675393676135,2.6755336475625416e-08,0.00024693083373958943,2.6755336475625416e-07,0.00024717163176787003
9933.779264214047,496688.96321070235,1.0921637403981697,5.460818701990849e-05,0.00019735994094025793,0.0,0.0002519681279601664,2.730409350995424e-09,0.0002519708583695174,2.7304093509954244e-08,0.0002519954320536764,2.7304093509954243e-07,0.000252241168895266
10034.110367892976,501705.5183946488,1.1143368447205315,5.571684223602657e-05,0.00020136674175011461,0.0,0.0002570835839861412,2.7858421118013285e-09,0.000257086369828253,2.785842111801329e-08,0.00025711144240725924,2.785842111801329e-07,0.0002573621681973213
10134.441471571907,506722.0735785953,1.136732771992102,5.683663859960511e-05,0.0002054138078814331,0.0,0.00026225044648103824,2.8418319299802552e-09,0.0002622532883129682,2.8418319299802556e-08,0.000262278864800338,2.8418319299802555e-07,0.00026253462967403625
10234.772575250836,511738.6287625418,1.1593515222128816,5.796757611064408e-05,0.00020950113933421326,0.0,0.0002674687154448573,2.898378805532204e-09,0.0002674716138236628,2.8983788055322043e-08,0.0002674976992329126,2.898378805532204e-07,0.00026775855332541055
10335.103678929765,516755.18394648825,1.1821930953828697,5.9109654769143485e-05,0.0002136287361084551,0.0,0.0002727383908775986,2.9554827384571738e-09,0.00027274134636033707,2.9554827384571742e-08,0.00027276794570498317,2.955482738457174e-07,0.00027303393915144433
10435.434782608696,521771.7391304348,1.205257491502067,6.0262874575103344e-05,0.00021779659820415882,0.0,0.0002780594727792622,3.0131437287551677e-09,0.00027806248592299095,3.013143728755168e-08,0.0002780896042165497,3.0131437287551683e-07,0.0002783607871521377
10535.765886287625,526788.2943143812,1.228544710570472,6.14272355285236e-05,0.0002220047256213241,0.0,0.0002834319611498477,3.0713617764261803e-09,0.00028343503251162416,3.071361776426181e-08,0.00028346267476761196,3.071361776426181e-07,0.00028373909732749033
10636.096989966554,531804.8494983277,1.2520547525880867,6.260273762940433e-05,0.0002262531183599512,0.0,0.00028885585598935554,3.130136881470217e-09,0.000288858986126237,3.130136881470217e-08,0.00028888715735817026,3.1301368814702174e-07,0.00028916886967750256
10736.428093645485,536821.4046822742,1.27578761755491,6.37893808777455e-05,0.00023054177642004004,0.0,0.0002943311572977855,3.189469043887275e-09,0.00029433434676682943,3.1894690438872753e-08,0.0002943630519882244,3.1894690438872753e-07,0.00029465010420217427
10836.759197324414,541837.9598662207,1.2997433054709424,6.49871652735471e-05,0.00023487069980159057,0.0,0.00029985786507513766,3.2493582636773556e-09,0.00029986111443340135,3.249358263677356e-08,0.0002998903586577744,3.249358263677356e-07,0.0003001828009015054
10937.090301003343,546854.5150501672,1.323921816336183,6.619609081680915e-05,0.00023923988850460282,0.0,0.000305435979321412,3.309804540840457e-09,0.00030543928912595285,3.309804540840458e-08,0.0003054690773668204,3.3098045408404575e-07,0.00030576695977549607
11037.421404682274,551871.0702341137,1.3483231501506328,6.741615750753163e-05,0.00024364934252907688,0.0,0.0003110655000366085,3.370807875376582e-09,0.0003110688708444839,3.3708078753765823e-08,0.00031109920811536225,3.3708078753765823e-07,0.00031140258082414617
11137.752508361204,556887.6254180601,1.3729473069142906,6.864736534571453e-05,0.0002480990618750126,0.0,0.00031674642722072713,3.432368267285726e-09,0.0003167498595889944,3.4323682672857266e-08,0.00031678075090339997,3.4323682672857266e-07,0.0003170896640474557
11238.083612040133,561904.1806020066,1.3977942866271578,6.98897143313579e-05,0.00025258904654240996,0.0,0.00032247876087376787,3.4944857165678944e-09,0.00032248225535948445,3.494485716567895e-08,0.00032251370573093357,3.494485716567895e-07,0.00032282820944542465
11338.414715719064,566920.7357859531,1.422864089289234,7.114320446446168e-05,0.0002571192965312692,0.0,0.00032826250099573086,3.5571602232230847e-09,0.0003282660581559541,3.557160223223085e-08,0.0003282980725979631,3.557160223223085e-07,0.0003286182170180532
11438.745819397993,571937.2909698996,1.4481567149005183,7.240783574502592e-05,0.0002616898118415901,0.0,0.00033409764758661606,3.620391787251296e-09,0.0003341012679784033,3.6203917872512963e-08,0.0003341338515044886,3.620391787251296e-07,0.00033445968676534116
11539.076923076924,576953.8461538461,1.473672163461012,7.36836081730506e-05,0.0002663005924733728,0.0,0.0003399842006464234,3.6841804086525298e-09,0.00033998788482683207,3.68418040865253e-08,0.00034002104245050993,3.68418040865253e-07,0.00034035261868728867
11639.408026755853,581970.4013377926,1.4994104349707142,7.49705217485357e-05,0.00027095163842661714,0.0,0.00034592216017515284,3.748526087426786e-09,0.00034592590870124025,3.748526087426786e-08,0.0003459596454360271,3.748526087426786e-07,0.00034629701278389555
11739.739130434782,586986.9565217391,1.525371529429625,7.626857647148125e-05,0.0002756429497013232,0.0,0.00035191152617280444,3.813428823574062e-09,0.000351915339601628,3.8134288235740626e-08,0.0003519496604610402,3.8134288235740626e-07,0.00035229286905516185
11840.070234113713,592003.5117056856,1.551555446837745,7.757777234188726e-05,0.0002803745262974911,0.0,0.00035795229863937834,3.878888617094363e-09,0.00035795617752799544,3.878888617094363e-08,0.0003579910875255493,3.8788886170943627e-07,0.00035834018750108775
11940.401337792642,597020.0668896321,1.5779621871950733,7.889810935975368e-05,0.0002851463682151206,0.0,0.0003640444775748743,3.944905467987682e-09,0.0003640484224803423,3.9449054679876834e-08,0.00036408392662955414,3.9449054679876827e-07,0.0003644389681216731
12040.732441471571,602036.6220735785,1.6045917505016103,8.022958752508051e-05,0.0002899584754542119,0.0,0.00037018806297929244,4.011479376254025e-09,0.0003701920744586687,4.0114793762540255e-08,0.00037022817777305496,4.0114793762540254e-07,0.00037058921091691783
12141.063545150502,607053.1772575252,1.6314441367573569,8.157220683786784e-05,0.00029481084801476497,0.0,0.0003763830548526328,4.078610341893392e-09,0.00037638713346297467,4.078610341893392e-08,0.00037642384095605173,4.078610341893392e-07,0.0003767909158868221
12241.394648829431,612069.7324414715,1.658519345962311,8.292596729811556e-05,0.00029970348589677964,0.0,0.0003826294531948952,4.146298364905778e-09,0.0003826335994932601,4.1462983649057786e-08,0.00038267091617854427,4.146298364905778e-07,0.0003830440830313858
12341.72575250836,617086.287625418,1.685817378116475,8.429086890582374e-05,0.00030463638910025614,0.0,0.0003889272580060799,4.2145434452911876e-09,0.0003889314725495252,4.214543445291188e-08,0.0003889694034405328,4.214543445291188e-07,0.00038934871235060903
12442.056856187291,622102.8428093645,1.713338233219847,8.566691166099235e-05,0.00030960955762519436,0.0,0.0003952764692861867,4.283345583049618e-09,0.00039528075263176976,4.2833455830496184e-08,0.0003953193027420172,4.283345583049618e-07,0.00039570480384449165
12542.38795986622,627119.397993311,1.7410819112724283,8.705409556362141e-05,0.00031462299147159425,0.0,0.00040167708703521565,4.35270477818107e-09,0.00040168143973999385,4.352704778181071e-08,0.00040172061408299745,4.352704778181071e-07,0.00040211235751303376
12642.71906354515,632135.9531772574,1.7690484122742176,8.845242061371088e-05,0.0003196766906394559,0.0,0.0004081291112531668,4.422621030685544e-09,0.0004081335338741975,4.422621030685545e-08,0.0004081733374634737,4.4226210306855445e-07,0.00040857137335623535
12743.05016722408,637152.5083612041,1.7972377362252168,8.986188681126083e-05,0.00032477065512877935,0.0,0.00041463254194004016,4.493094340563042e-09,0.0004146370350343807,4.493094340563042e-08,0.0004146774728834458,4.493094340563042e-07,0.00041508185137409647
12843.38127090301,642169.0635451504,1.8256498831254238,9.12824941562712e-05,0.0003299048849395644,0.0,0.0004211873790958356,4.564124707813559e-09,0.00042119194322054346,4.56412470781356e-08,0.00042123302034291374,4.56412470781356e-07,0.00042164379156661697
12943.712374581939,647185.618729097,1.85428485297484,9.2714242648742e-05,0.00033507938007181127,0.0,0.0004277936227205533,4.6357121324370996e-09,0.0004277982584326857,4.6357121324371e-08,0.0004278399798418777,4.6357121324371e-07,0.000428257193933797
13044.04347826087,652202.1739130435,1.8831426457734648,9.415713228867323e-05,0.0003402941405255198,0.0,0.00043445127281419303,4.707856614433663e-09,0.00043445598067080746,4.707856614433663e-08,0.0004344983513803374,4.707856614433663e-07,0.0004349220584756364
13144.3745819398,657218.72909699,1.9122232615212986,9.561116307606492e-05,0.00034554916630069013,0.0,0.00044116032937675505,4.7805581538032455e-09,0.00044116510993490887,4.780558153803246e-08,0.0004412081349582931,4.780558153803246e-07,0.00044163838519213535
13244.705685618728,662235.2842809364,1.9415267002183405,9.707633501091701e-05,0.0003508444573973221,0.0,0.00044792079240823916,4.853816750545851e-09,0.0004479256462249897,4.853816750545852e-08,0.0004479693305757446,4.853816750545852e-07,0.0004484061740832937
13345.03678929766,667251.839464883,1.9710529618645924,9.855264809322962e-05,0.000356180013815416,0.0,0.00045473266190864563,4.927632404661481e-09,0.0004547375895410503,4.927632404661481e-08,0.00045478193823269224,4.927632404661481e-07,0.0004552254251491118
13445.367892976588,672268.3946488294,2.0008020464600516,0.00010004010232300258,0.0003615558355549714,0.0,0.000461595937877974,5.002005116150129e-09,0.00046160093988309014,5.002005116150129e-08,0.0004616459579291355,5.002005116150129e-07,0.000462096138389589
13545.698996655517,677284.9498327759,2.0307739540047205,0.00010153869770023603,0.0003669719226159886,0.0,0.00046851062031622465,5.076934885011801e-09,0.0004685156972511097,5.076934885011802e-08,0.00046856138966507477,5.076934885011802e-07,0.00046901831380472583
13646.030100334448,682301.5050167224,2.060968684498598,0.00010304843422492992,0.0003724282749984676,0.0,0.0004754767092233975,5.152421711246496e-09,0.00047548186164510876,5.1524217112464963e-08,0.00047552823344051,5.152421711246496e-07,0.0004759919513945222
13746.361204013378,687318.0602006689,2.0913862379416845,0.00010456931189708422,0.0003779248927024082,0.0,0.00048249420459949244,5.228465594854211e-09,0.00048249943306508727,5.2284655948542124e-08,0.000482546489255441,5.228465594854211e-07,0.00048301705115897785
13846.692307692307,692334.6153846154,2.1220266143339797,0.00010610133071669899,0.00038346177572781063,0.0,0.0004895631064445096,5.305066535834949e-09,0.0004895684115110454,5.3050665358349496e-08,0.000489616157109868,5.305066535834949e-07,0.0004900936130980931
13947.023411371238,697351.1705685619,2.1528898136754835,0.00010764449068377417,0.00038903892407467477,0.0,0.000496683414758449,5.382224534188709e-09,0.0004966887969829832,5.38222453418871e-08,0.0004967372370037909,5.382224534188709e-07,0.0004972216372118679
14047.354515050167,702367.7257525083,2.1839758359661956,0.00010919879179830977,0.0003946563377430006,0.0,0.0005038551295413104,5.459939589915489e-09,0.0005038605894809004,5.4599395899154896e-08,0.0005039097289372095,5.45993958991549e-07,0.0005044011235003019
14147.685618729096,707384.2809364548,2.215284681206117,0.00011076423406030584,0.00040031401673278815,0.0,0.000511078250793094,5.538211703015292e-09,0.000511083789004797,5.5382117030152924e-08,0.0005111336329101241,5.538211703015293e-07,0.0005116320719633955
14248.016722408027,712400.8361204013,2.246816349395247,0.00011234081746976234,0.0004060119610440375,0.0,0.0005183527785137998,5.617040873488117e-09,0.0005183583955546732,5.6170408734881176e-08,0.0005184089489225347,5.617040873488117e-07,0.0005189144826011486
14348.347826086956,717417.3913043478,2.278570840533586,0.0001139285420266793,0.00041175017067674857,0.0,0.0005256787127034279,5.696427101333965e-09,0.0005256844091305292,5.6964271013339654e-08,0.0005257356769744412,5.696427101333965e-07,0.0005262483554135613
14448.678929765887,722433.9464882943,2.310548154621134,0.00011552740773105669,0.0004175286456309214,0.0,0.0005330560533619781,5.776370386552835e-09,0.0005330618297323647,5.7763703865528357e-08,0.0005331138170658436,5.776370386552835e-07,0.0005336336904006334
14549.010033444816,727450.5016722408,2.3427482916578906,0.00011713741458289452,0.0004233473859065558,0.0,0.0005404848004894504,5.856870729144726e-09,0.0005404906573601796,5.856870729144727e-08,0.0005405433691967419,5.856870729144727e-07,0.0005410704875623649
14649.341137123745,732467.0568561873,2.3751712516438555,0.00011875856258219279,0.00042920639150365204,0.0,0.0005479649540858448,5.937928129109639e-09,0.0005479708920139739,5.93792812910964e-08,0.0005480243333671359,5.937928129109639e-07,0.0005485587468987557
14749.672240802676,737483.6120401338,2.4078170345790295,0.00012039085172895148,0.0004351056624222101,0.0,0.0005554965141511616,6.019542586447574e-09,0.000555502533693748,6.019542586447575e-08,0.0005555567095770261,6.019542586447575e-07,0.0005560984684098064
14850.003344481605,742500.1672240803,2.4406856404634123,0.00012203428202317061,0.0004410451986622297,0.0,0.0005630794806854003,6.101714101158531e-09,0.0005630855823995015,6.101714101158531e-08,0.0005631404978264119,6.101714101158531e-07,0.0005636896520955162
14950.334448160535,747516.7224080267,2.473777069297003,0.00012368885346485014,0.0004470250002237111,0.0,0.0005707138536885613,6.184442673242507e-09,0.0005707200381312345,6.184442673242508e-08,0.0005707756981152937,6.184442673242507e-07,0.0005713322979558856
15050.665551839465,752533.2775919733,2.5070913210798045,0.0001253545660539902,0.00045304506710665434,0.0,0.0005783996331606445,6.267728302699511e-09,0.0005784059008889473,6.267728302699512e-08,0.0005784623104436715,6.267728302699512e-07,0.0005790264059909145
15150.996655518395,757549.8327759197,2.5406283958118125,0.0001270314197905906,0.00045910539931105917,0.0,0.0005861368191016498,6.3515709895295306e-09,0.0005861431706726393,6.351570989529531e-08,0.0005862003348115451,6.351570989529531e-07,0.0005867719762006027
15251.327759197324,762566.3879598662,2.5743882934930307,0.00012871941467465154,0.0004652059968369257,0.0,0.0005939254115115772,6.435970733732576e-09,0.000593931847482311,6.435970733732577e-08,0.0005939897712189145,6.435970733732577e-07,0.0005945690085849504
15351.658862876255,767582.9431438127,2.608371014123457,0.00013041855070617284,0.0004713468596842541,0.0,0.0006017654103904269,6.520927535308643e-09,0.0006017719313179623,6.520927535308644e-08,0.00060183061966578,6.520927535308643e-07,0.0006024175031439578
15451.989966555184,772599.4983277592,2.642576557703092,0.00013212882788515463,0.00047752798785304415,0.0,0.0006096568157381988,6.606441394257731e-09,0.000609663422179593,6.606441394257733e-08,0.0006097228801521413,6.606441394257732e-07,0.0006103174598776246
15552.321070234113,777616.0535117056,2.6770049242319356,0.0001338502462115968,0.00048374938134329587,0.0,0.0006175996275548926,6.692512310579839e-09,0.0006176063200672032,6.692512310579841e-08,0.0006176665526779984,6.692512310579841e-07,0.0006182688787859506
15652.652173913044,782632.6086956522,2.7116561137099895,0.00013558280568549947,0.0004900110401550095,0.0,0.000625593845840509,6.779140284274974e-09,0.0006256006249807933,6.779140284274976e-08,0.0006256616372433517,6.779140284274975e-07,0.0006262717598689365
15752.983277591973,787649.1638795986,2.746530126137251,0.00013732650630686252,0.0004963129642881847,0.0,0.0006336394705950473,6.866325315343127e-09,0.0006336463369203626,6.866325315343127e-08,0.0006337081338482007,6.866325315343127e-07,0.0006343261031265815
15853.314381270902,792665.7190635451,2.781626961513721,0.00013908134807568602,0.0005026551537428216,0.0,0.0006417365018185076,6.954067403784302e-09,0.0006417434558859113,6.954067403784303e-08,0.0006418060424925455,6.954067403784303e-07,0.0006424319085588861
15953.645484949833,797682.2742474916,2.8169466198394,0.00014084733099197,0.0005090376085189204,0.0,0.0006498849395108904,7.0423665495985e-09,0.00064989198187744,7.042366549598501e-08,0.0006499553631763863,7.042366549598502e-07,0.0006505891761658503
16053.976588628762,802698.8294314381,2.852489101114288,0.0001426244550557144,0.0005154603286164807,0.0,0.0006580847836721951,7.13122275278572e-09,0.000658091914894948,7.131222752785721e-08,0.000658156095899723,7.131222752785721e-07,0.0006587979059474738
16154.307692307691,807715.3846153845,2.888254405338384,0.0001444127202669192,0.0005219233140355029,0.0,0.000666336034302422,7.220636013345959e-09,0.0006663432549384354,7.22063601334596e-08,0.0006664082406625555,7.22063601334596e-07,0.0006670580979037566
16254.638795986622,812731.9397993311,2.9242425325116908,0.00014621212662558453,0.0005284265647759869,0.0,0.0006746386914015714,7.3106063312792255e-09,0.0006746460020079026,7.310606331279227e-08,0.0006747117974648842,7.310606331279226e-07,0.0006753697520346993
16354.969899665552,817748.4949832775,2.9604534826342035,0.00014802267413171018,0.0005349700808379324,0.0,0.0006829927549696427,7.401133706585508e-09,0.0006830001561033492,7.40113370658551e-08,0.0006830667663067085,7.401133706585509e-07,0.0006837328683403012
16455.30100334448,822765.050167224,2.996887255705927,0.00014984436278529635,0.0005415538622213396,0.0,0.000691398225006636,7.492218139264818e-09,0.0006914057172247753,7.492218139264819e-08,0.0006914731471880286,7.492218139264819e-07,0.0006921474468205625
16555.63210702341,827781.6053511705,3.0335438517268587,0.00015167719258634291,0.0005481779089262089,0.0,0.0006998551015125518,7.583859629317147e-09,0.0006998626853721811,7.583859629317148e-08,0.000699930940108845,7.583859629317148e-07,0.0007006134874754836
16655.963210702343,832798.1605351171,3.0704232706970003,0.00015352116353485002,0.0005548422209525397,0.0,0.0007083633844873898,7.676058176742501e-09,0.0007083710605455666,7.676058176742502e-08,0.0007084401450691572,7.676058176742502e-07,0.0007091309903050641
16756.29431438127,837814.7157190635,3.107525512616349,0.00015537627563081744,0.0005615467983003322,0.0,0.0007169230739311497,7.768813781540873e-09,0.0007169308427449312,7.768813781540873e-08,0.0007170007620689651,7.768813781540873e-07,0.0007176999553093038
16856.6254180602,842831.27090301,3.144850577484907,0.00015724252887424535,0.0005682916409695865,0.0,0.0007255341698438318,7.862126443712267e-09,0.0007255420319702755,7.862126443712267e-08,0.000725612791108269,7.862126443712267e-07,0.000726320382488203
16956.956521739132,847847.8260869565,3.1823984653026733,0.0001591199232651337,0.0005750767489603026,0.0,0.0007341966722254363,7.955996163256683e-09,0.0007342046282215997,7.955996163256684e-08,0.0007342762321870689,7.955996163256683e-07,0.0007349922718417621
17057.28762541806,852864.3812709029,3.2201691760696485,0.0001610084588034824,0.0005819021222724801,0.0,0.0007429105810759626,8.050422940174121e-09,0.0007429186314989027,8.050422940174122e-08,0.0007429910853053644,8.050422940174121e-07,0.00074371562336998
17157.61872909699,857880.9364548494,3.2581627097858328,0.00016290813548929165,0.0005887677609061196,0.0,0.0007516758963954113,8.145406774464582e-09,0.0007516840418021857,8.145406774464583e-08,0.0007517573504631559,8.145406774464582e-07,0.0007524904370728577
17257.94983277592,862897.491638796,3.296379066451227,0.00016481895332256136,0.0005956736648612208,0.0,0.0007604926181837821,8.240947666128068e-09,0.0007605008591314483,8.240947666128069e-08,0.0007605750276604434,8.240947666128068e-07,0.000761316712950395
17358.28093645485,867914.0468227424,3.3348182460658284,0.0001667409123032914,0.0006026198341377837,0.0,0.000769360746441075,8.33704561516457e-09,0.0007693690834866902,8.337045615164571e-08,0.0007694441168972267,8.33704561516457e-07,0.0007701944510025915
17458.61204013378,872930.602006689,3.373480248629639,0.00016867401243148193,0.0006096062687358084,0.0,0.0007782802811672903,8.433700621574098e-09,0.0007782887148679119,8.433700621574099e-08,0.000778364618173506,8.433700621574098e-07,0.0007791236512294477
17558.94314381271,877947.1571906355,3.4123650741426585,0.00017061825370713292,0.0006166329686552947,0.0,0.0007872512223624276,8.530912685356646e-09,0.000787259753275113,8.530912685356648e-08,0.0007873365314892812,8.530912685356647e-07,0.0007881043136309633
17659.274247491638,882963.7123745818,3.451472722604886,0.00017257363613024427,0.0006236999338962427,0.0,0.000796273570026487,8.628681806512214e-09,0.0007962821987082935,8.628681806512217e-08,0.0007963598568445521,8.628681806512216e-07,0.0007971364382071382
17759.60535117057,887980.2675585285,3.4908031940163236,0.0001745401597008162,0.0006308071644586526,0.0,0.0008053473241594688,8.727007985040808e-09,0.0008053560511674539,8.727007985040809e-08,0.0008054345942393192,8.727007985040808e-07,0.0008062200249579728
17859.9364548495,892996.822742475,3.5303564883769694,0.00017651782441884846,0.0006379546603425242,0.0,0.0008144724847613726,8.825891220942424e-09,0.0008144813106525936,8.825891220942426e-08,0.0008145607436735821,8.825891220942425e-07,0.0008153550738834669
17960.267558528427,898013.3779264214,3.570132605686823,0.00017850663028434115,0.0006451424215478573,0.0,0.0008236490518321984,8.925331514217058e-09,0.0008236579771637127,8.925331514217058e-08,0.0008237383051473406,8.925331514217058e-07,0.0008245415849836202
18060.598662207358,903029.9331103679,3.6101315459458863,0.00018050657729729432,0.0006523704480746525,0.0,0.0008328770253719468,9.025328864864715e-09,0.0008328860507008117,9.025328864864716e-08,0.0008329672786605955,9.025328864864716e-07,0.0008337795582584333
18160.92976588629,908046.4882943145,3.6503533091541596,0.00018251766545770797,0.0006596387399229092,0.0,0.0008421564053806172,9.1258832728854e-09,0.0008421655312638902,9.125883272885401e-08,0.0008422476642133461,9.1258832728854e-07,0.0008430689937079058
18261.260869565216,913063.0434782607,3.6907978953116385,0.00018453989476558194,0.0006669472970926275,0.0,0.0008514871918582094,9.226994738279095e-09,0.0008514964188529476,9.226994738279097e-08,0.0008515794618055921,9.226994738279097e-07,0.0008524098913320373
18361.591973244147,918079.5986622074,3.7314653044183292,0.00018657326522091645,0.0006742961195838078,0.0,0.0008608693848047243,9.328663261045822e-09,0.0008608787134679854,9.328663261045824e-08,0.0008609626714373348,9.328663261045823e-07,0.0008618022511308289
18461.923076923078,923096.1538461539,3.7723555364742274,0.00018861777682371134,0.0006816852073964497,0.0,0.0008703029842201611,9.430888841185567e-09,0.0008703124151090022,9.430888841185568e-08,0.000870397293108573,9.430888841185568e-07,0.0008712460731042797
18562.254180602005,928112.7090301003,3.8134685914793334,0.00019067342957396666,0.0006891145605305532,0.0,0.0008797879901045198,9.533671478698333e-09,0.0008797975237759985,9.533671478698334e-08,0.0008798833268193068,9.533671478698334e-07,0.0008807413572523897
18662.585284280936,933129.2642140468,3.85480446943365,0.00019274022347168248,0.0006965841789861187,0.0,0.0008893244024578012,9.637011173584125e-09,0.0008893340394689747,9.637011173584127e-08,0.000889420772569537,9.637011173584126e-07,0.0008902881035751596
18762.916387959867,938145.8193979934,3.896363170337175,0.00019481815851685874,0.0007040940627631459,0.0,0.0008989122212800046,9.740907925842939e-09,0.0008989219621879305,9.74090792584294e-08,0.000899009630359263,9.740907925842939e-07,0.0008998863120725889
18863.247491638795,943162.3745819397,3.938144694189907,0.00019690723470949535,0.0007116442118616346,0.0,0.00090855144657113,9.845361735474768e-09,0.0009085612919328655,9.845361735474768e-08,0.0009086499001884847,9.845361735474769e-07,0.0009095359827446775
18963.578595317726,948178.9297658863,3.98014904099185,0.0001990074520495925,0.0007192346262815852,0.0,0.0009182420783311777,9.950372602479624e-09,0.0009182520287037802,9.950372602479626e-08,0.0009183415820572025,9.950372602479624e-07,0.0009192371155914257
19063.909698996657,953195.4849498328,4.022376210743001,0.00020111881053715006,0.0007268653060229976,0.0,0.0009279841165601476,1.0055940526857502e-08,0.0009279941725006745,1.0055940526857504e-07,0.0009280846759654162,1.0055940526857504e-06,0.0009289897106128333
19164.240802675584,958212.0401337792,4.06482620344336,0.000203241310172168,0.0007345362510858714,0.0,0.0009377775612580395,1.0162065508608399e-08,0.0009377877233235481,1.0162065508608401e-07,0.0009378791819131256,1.01620655086084e-06,0.0009387937678089004
19264.571906354515,963228.5953177257,4.107499019092928,0.00020537495095464638,0.0007422474614702072,0.0,0.0009476224124248536,1.026874754773232e-08,0.0009476326811724013,1.0268747547732321e-07,0.0009477250999003309,1.026874754773232e-06,0.0009486492871796268
19364.903010033446,968245.1505016723,4.150394657691707,0.00020751973288458533,0.0007499989371760048,0.0,0.0009575186700605901,1.0375986644229267e-08,0.0009575290460472343,1.0375986644229268e-07,0.0009576224299270324,1.0375986644229268e-06,0.000958556268725013
19465.234113712373,973261.7056856187,4.193513119239691,0.0002096756559619846,0.0007577906782032639,0.0,0.0009674663341652485,1.0483782798099228e-08,0.0009674768179480465,1.048378279809923e-07,0.0009675711719932294,1.048378279809923e-06,0.0009685147124450584
19565.565217391304,978278.2608695652,4.236854403736887,0.00021184272018684433,0.0007656226845519848,0.0,0.000977465404738829,1.0592136009342216e-08,0.0009774759968748385,1.0592136009342217e-07,0.0009775713260989226,1.0592136009342216e-06,0.0009785246183397632
19665.896321070235,983294.8160535117,4.28041851118329,0.0002140209255591645,0.0007734949562221676,0.0,0.0009875158817813322,1.0701046277958227e-08,0.0009875265828276102,1.0701046277958227e-07,0.0009876228922441118,1.0701046277958227e-06,0.000988585986409128
19766.227424749162,988311.3712374581,4.3242054415789015,0.00021621027207894506,0.0007814074932138117,0.0,0.0009976177652927568,1.0810513603947253e-08,0.0009976285758063607,1.0810513603947255e-07,0.0009977258704287962,1.0810513603947255e-06,0.0009986988166531515
19866.558528428093,993327.9264214047,4.368215194923724,0.00021841075974618617,0.0007893602955269181,0.0,0.0010077710552731042,1.092053798730931e-08,0.0010077819758110916,1.0920537987309311e-07,0.0010078802606529773,1.092053798730931e-06,0.0010088631090718351
19966.889632107024,998344.4816053512,4.412447771217754,0.00022062238856088766,0.0007973533631614859,0.0,0.0010179757517223735,1.1031119428044384e-08,0.0010179867828418016,1.1031119428044385e-07,0.001018086062916654,1.1031119428044384e-06,0.001019078863665178
20067.22073578595,1003361.0367892976,4.456903170460991,0.00022284515852304953,0.0008053866961175154,0.0,0.0010282318546405648,1.1142257926152476e-08,0.001028242996898491,1.1142257926152478e-07,0.0010283432772198262,1.1142257926152477e-06,0.00102934608043318
20167.551839464883,1008377.5919732441,4.5015813926534385,0.00022507906963267193,0.0008134602943950068,0.0,0.0010385393640276787,1.1253953481633595e-08,0.0010385506179811602,1.1253953481633597e-07,0.001038651903562495,1.1253953481633597e-06,0.001039664759375842
20267.882943143813,1013394.1471571906,4.546482437795095,0.00022732412188975474,0.0008215741579939599,0.0,0.0010488982798837147,1.1366206094487738e-08,0.0010489096460898093,1.136620609448774e-07,0.0010490119419446595,1.1366206094487739e-06,0.0010500349004931634
20368.21404682274,1018410.702341137,4.591606305885959,0.00022958031529429792,0.0008297282869143745,0.0,0.0010593086022086724,1.1479015764714897e-08,0.001059320081224437,1.1479015764714899e-07,0.0010594233923663194,1.1479015764714897e-06,0.0010604565037851438
20468.54515050167,1023427.2575250836,4.636952996926034,0.0002318476498463017,0.0008379226811562509,0.0,0.0010697703310025527,1.1592382492315085e-08,0.001069781923385045,1.1592382492315087e-07,0.0010698862548274759,1.1592382492315087e-06,0.0010709295692517841
20568.876254180603,1028443.8127090301,4.682522510915316,0.0002341261255457658,0.0008461573407195893,0.0,0.0010802834662653551,1.170630627728829e-08,0.0010802951725716323,1.1706306277288292e-07,0.001080400529328128,1.1706306277288292e-06,0.001081454096893084
20669.20735785953,1033460.3678929765,4.728314847853806,0.0002364157423926903,0.0008544322656043891,0.0,0.0010908480079970793,1.1820787119634515e-08,0.0010908598287841988,1.1820787119634517e-07,0.0010909662158682756,1.1820787119634515e-06,0.0010920300867090429
20769.53846153846,1038476.923076923,4.774330007741506,0.00023871650038707532,0.0008627474558106508,0.0,0.001101463956197726,1.1935825019353765e-08,0.0011014758920227454,1.1935825019353767e-07,0.0011015833144479195,1.1935825019353766e-06,0.0011026575386996614
20869.869565217392,1043493.4782608696,4.820567990578416,0.00024102839952892084,0.0008711029113383743,0.0,0.0011121313108672952,1.205141997644604e-08,0.0011121433622872717,1.2051419976446041e-07,0.0011122518250670597,1.2051419976446042e-06,0.0011133364528649397
20970.20066889632,1048510.0334448159,4.867028796364532,0.0002433514398182266,0.0008794986321875592,0.0,0.0011228500720057858,1.2167571990911331e-08,0.0011228622395777767,1.216757199091133e-07,0.001122971747725695,1.2167571990911331e-06,0.0011240668292048768
21070.53177257525,1053526.5886287624,4.913712425099858,0.0002456856212549929,0.0008879346183582063,0.0,0.0011336202396131992,1.2284281062749645e-08,0.001133632523894262,1.2284281062749647e-07,0.0011337430824238267,1.2284281062749645e-06,0.001134848667719474
21170.86287625418,1058543.143812709,4.960618876784395,0.0002480309438392197,0.000896410869850315,0.0,0.0011444418136895348,1.2401547191960986e-08,0.0011444542152367267,1.2401547191960986e-07,0.0011445658291614543,1.2401547191960987e-06,0.0011456819684087308
21271.19397993311,1063559.6989966554,5.007748151418137,0.00025038740757090685,0.000904927386663885,0.0,0.0011553147942347918,1.2519370378545342e-08,0.0011553273136051703,1.2519370378545345e-07,0.0011554399879385774,1.2519370378545343e-06,0.0011565667312726463
21371.52508361204,1068576.254180602,5.05510024900109,0.0002527550124500545,0.0009134841687989171,0.0,0.0011662391812489717,1.2637750622502726e-08,0.0011662518189995941,1.2637750622502728e-07,0.0011663655587551968,1.2637750622502727e-06,0.001167502956311222
21471.85618729097,1073592.8093645484,5.102675169533251,0.0002551337584766626,0.000922081216255411,0.0,0.0011772149747320735,1.2756687923833126e-08,0.0011772277314199974,1.2756687923833128e-07,0.0011773425416113118,1.2756687923833127e-06,0.0011784906435244567
21572.187290969898,1078609.3645484948,5.15047291301462,0.000257523645650731,0.0009307185290333664,0.0,0.0011882421746840974,1.287618228253655e-08,0.00118825505086638,1.2876182282536551e-07,0.0011883709365069228,1.2876182282536553e-06,0.0011895297929123512
21672.51839464883,1083625.9197324414,5.1984934794452,0.00025992467397226,0.0009393961071327837,0.0,0.0011993207811050437,1.2996233698613001e-08,0.0011993337773387423,1.2996233698613003e-07,0.0011994507434420299,1.2996233698613003e-06,0.001200620404474905
21772.84949832776,1088642.474916388,5.246736868824989,0.00026233684344124946,0.0009481139505536628,0.0,0.0012104507939949122,1.3116842172062473e-08,0.0012104639108370843,1.3116842172062476e-07,0.0012105819624166328,1.3116842172062473e-06,0.0012117624782121185
21873.180602006687,1093659.0301003344,5.295203081153984,0.0002647601540576992,0.0009568720592960032,0.0,0.0012216322133537024,1.3238007702884961e-08,0.0012216454513614052,1.3238007702884964e-07,0.0012217645934307312,1.3238007702884962e-06,0.001222956014123991
21973.511705685618,1098675.5852842808,5.343892116432189,0.00026719460582160946,0.0009656704333598057,0.0,0.0012328650391814151,1.3359730291080472e-08,0.0012328783989117062,1.3359730291080475e-07,0.0012329986364843259,1.3359730291080474e-06,0.0012342010122105233
22073.84280936455,1103692.1404682274,5.3928039746596035,0.0002696401987329802,0.00097450907274507,0.0,0.00124414927147805,1.3482009936649009e-08,0.0012441627534879867,1.3482009936649011e-07,0.0012442840915774165,1.3482009936649011e-06,0.0012454974724717149
22174.173913043476,1108708.6956521738,5.441938655836226,0.0002720969327918113,0.0009833879774517958,0.0,0.0012554849102436071,1.3604846639590564e-08,0.0012554985150902468,1.3604846639590566e-07,0.001255620958710003,1.3604846639590565e-06,0.0012568453949075662
22274.505016722407,1113725.2508361202,5.491296159962056,0.0002745648079981028,0.0009923071474799833,0.0,0.0012668719554780861,1.372824039990514e-08,0.001266885683718486,1.372824039990514e-07,0.0012670092378820853,1.3728240399905143e-06,0.0012682447795180766
22374.836120401338,1118741.8060200668,5.540876487037097,0.00027704382435185483,0.0010012665828296327,0.0,0.0012783104071814875,1.385219121759274e-08,0.0012783242593727051,1.3852191217592742e-07,0.0012784489290936635,1.385219121759274e-06,0.0012796956263032469
22475.167224080265,1123758.3612040132,5.590679637061345,0.00027953398185306727,0.0010102662835007436,0.0,0.0012898002653538108,1.3976699092653362e-08,0.0012898142420529033,1.3976699092653363e-07,0.0012899400323447374,1.3976699092653364e-06,0.0012911979352630762
22575.498327759196,1128774.9163879598,5.6407056100348045,0.0002820352805017402,0.0010193062494933164,0.0,0.0013013415299950567,1.410176402508701e-08,0.0013013556317590818,1.4101764025087013e-07,0.0013014825476353076,1.4101764025087013e-06,0.0013027517063975654
22675.829431438127,1133791.4715719062,5.69095440595747,0.0002845477202978735,0.0010283864808073512,0.0,0.0013129342011052247,1.4227386014893674e-08,0.0013129484284912396,1.4227386014893676e-07,0.0013130764749653737,1.4227386014893675e-06,0.001314356939706714
22776.16053511706,1138808.0267558529,5.741426024829346,0.00028707130124146733,0.0010375069774428475,0.0,0.0013245782786843149,1.4353565062073365e-08,0.0013245926322493769,1.4353565062073367e-07,0.0013247218143349357,1.4353565062073368e-06,0.0013260136351905222
22876.491638795986,1143824.5819397992,5.792120466650429,0.0002896060233325215,0.0010466677393998053,0.0,0.0013362737627323268,1.4480301166626074e-08,0.0013362882430334934,1.4480301166626075e-07,0.001336418565743993,1.4480301166626075e-06,0.0013377217928489894
22976.822742474917,1148841.1371237459,5.843037731420724,0.0002921518865710362,0.001055868766678225,0.0,0.0013480206532492612,1.4607594328551809e-08,0.0013480352608435898,1.460759432855181e-07,0.0013481667291925467,1.460759432855181e-06,0.0013494814126821164
23077.153846153848,1153857.6923076923,5.894177819140224,0.00029470889095701116,0.0010651100592781067,0.0,0.0013598189502351179,1.4735444547850559e-08,0.0013598336856796658,1.4735444547850562e-07,0.0013599663046805963,1.473544454785056e-06,0.0013612924946899028
23177.484949832775,1158874.2474916386,5.9455407298089336,0.00029727703649044666,0.0010743916171994496,0.0,0.0013716686536898962,1.4863851824522334e-08,0.0013716835175417207,1.4863851824522335e-07,0.0013718172922081414,1.4863851824522335e-06,0.0013731550388723485
23277.816053511706,1163890.8026755853,5.997126463426853,0.00029985632317134264,0.0010837134404422545,0.0,0.0013835697636135971,1.499281615856713e-08,0.0013835847564297556,1.4992816158567134e-07,0.0013837196917751828,1.4992816158567134e-06,0.001385069045229454
23378.147157190637,1168907.3578595319,6.048935019993982,0.0003024467509996991,0.0010930755290065213,0.0,0.0013955222800062204,1.5122337549984954e-08,0.0013955374023437704,1.5122337549984956e-07,0.0013956735033817203,1.5122337549984955e-06,0.001397034513761219
23478.478260869564,1173923.9130434783,6.100966399510319,0.00030504831997551596,0.0011024778828922493,0.0,0.0014075262028677652,1.5252415998775796e-08,0.001407541455283764,1.5252415998775799e-07,0.001407678727027753,1.52524159987758e-06,0.0014090514444676427
23578.809364548495,1178940.4682274247,6.153220601975863,0.0003076610300987931,0.0011119205020994397,0.0,0.0014195815321982328,1.5383051504939656e-08,0.0014195969152497377,1.538305150493966e-07,0.0014197353627132822,1.538305150493966e-06,0.0014211198373487268
23679.140468227426,1183957.0234113713,6.2056976273906175,0.0003102848813695309,0.0011214033866280915,0.0,0.0014316882679976223,1.5514244068476543e-08,0.0014317037822416908,1.5514244068476545e-07,0.0014318434104383072,1.5514244068476544e-06,0.00143323969240447
23779.471571906353,1188973.5785953177,6.25839747575458,0.000312919873787729,0.0011309265364782047,0.0,0.0014438464102659338,1.5645993689386452e-08,0.0014438620562596232,1.5645993689386452e-07,0.0014440028702028276,1.5645993689386451e-06,0.0014454110096348725
23879.802675585284,1193990.1337792643,6.311320147067753,0.0003155660073533876,0.0011404899516497802,0.0,0.0014560559590031678,1.577830036766938e-08,0.0014560717373035355,1.5778300367669384e-07,0.0014562137420068445,1.5778300367669384e-06,0.0014576337890399348
23980.133779264215,1199006.6889632107,6.364465641330132,0.0003182232820665066,0.0011500936321428173,0.0,0.001468316914209324,1.591116410332533e-08,0.0014683328253734273,1.5911164103325332e-07,0.0014684760258503573,1.591116410332533e-06,0.0014699080306196566
24080.464882943143,1204023.244147157,6.417833958541721,0.00032089169792708604,0.0011597375779573156,0.0,0.0014806292758844015,1.6044584896354298e-08,0.0014806453204692979,1.6044584896354303e-07,0.001480789721733365,1.60445848963543e-06,0.001482233734374037
24180.795986622074,1209039.7993311037,6.47142509870252,0.000323571254935126,0.0011694217890932763,0.0,0.0014929930440284022,1.6178562746756298e-08,0.0014930092225911489,1.6178562746756302e-07,0.0014931548296558698,1.6178562746756301e-06,0.001494610900303078
24281.127090301005,1214056.3545150503,6.525239061812528,0.0003262619530906264,0.0011791462655506987,0.0,0.001505408218641325,1.631309765453132e-08,0.0015054245317389797,1.6313097654531322e-07,0.0015055713496178703,1.631309765453132e-06,0.0015070395284067781
24381.458193979932,1219072.9096989965,6.57927584787174,0.000328963792393587,0.0011889110073295822,0.0,0.0015178747997231692,1.644818961967935e-08,0.001517891247912789,1.644818961967935e-07,0.001518039281619366,1.6448189619679348e-06,0.0015195196186851372
24481.789297658863,1224089.464882943,6.633535456880165,0.0003316767728440083,0.001198716014429928,0.0,0.0015303927872739364,1.6583838642200415e-08,0.0015304093711125785,1.6583838642200415e-07,0.0015305586256603584,1.6583838642200416e-06,0.0015320511711381564
24582.120401337794,1229106.0200668897,6.6880178888378,0.00033440089444188996,0.0012085612868517356,0.0,0.0015429621812936257,1.67200447220945e-08,0.0015429789013383477,1.6720044722094505e-07,0.0015431293817408467,1.6720044722094502e-06,0.001544634185765835
24682.45150501672,1234122.575250836,6.742723143744641,0.000337136157187232,0.0012184468245950042,0.0,0.0015555829817822363,1.6856807859361602e-08,0.0015555998385900955,1.6856807859361606e-07,0.0015557515498608298,1.6856807859361606e-06,0.0015572686625681723
24782.782608695652,1239139.1304347825,6.797651221600691,0.00033988256108003455,0.0012283726276597353,0.0,0.0015682551887397699,1.6994128054001726e-08,0.0015682721828678239,1.699412805400173e-07,0.0015684251300203099,1.6994128054001728e-06,0.00156995460154517
24883.113712374583,1244155.685618729,6.852802122405951,0.0003426401061202975,0.001238338696045928,0.0,0.0015809788021662256,1.7132005306014878e-08,0.0015809959341715315,1.713200530601488e-07,0.0015811501222192858,1.713200530601488e-06,0.001582692002696827
24983.44481605351,1249172.2408026755,6.908175846160418,0.0003454087923080209,0.001248345029753582,0.0,0.001593753822061603,1.7270439615401044e-08,0.0015937710925012184,1.7270439615401046e-07,0.001593926526457757,1.7270439615401045e-06,0.0015954808660231432
25083.77591973244,1254188.795986622,6.963772392864096,0.0003481886196432048,0.0012583916287826982,0.0,0.001606580248425903,1.740943098216024e-08,0.001606597657856885,1.7409430982160243e-07,0.0016067543427357245,1.7409430982160243e-06,0.0016083211915241188
25184.107023411372,1259205.3511705685,7.01959176251698,0.00035097958812584904,0.001268478493133276,0.0,0.001619458081259125,1.754897940629245e-08,0.0016194756302385313,1.7548979406292453e-07,0.001619633571053188,1.7548979406292452e-06,0.0016212129791997542
25284.4381270903,1264221.9063545149,7.075633955119074,0.00035378169775595366,0.0012786056228053153,0.0,0.0016323873205612688,1.7689084887797686e-08,0.0016324050096461567,1.7689084887797688e-07,0.0016325642114101467,1.7689084887797688e-06,0.0016341562290500486
25384.76923076923,1269238.4615384615,7.131898970670378,0.0003565949485335189,0.0012887730177988165,0.0,0.0016453679663323353,1.7829747426675946e-08,0.001645385796079762,1.782974742667595e-07,0.0016455462638066021,1.782974742667595e-06,0.0016471509410750029
25485.10033444816,1274255.0167224081,7.1883868091708925,0.00035941934045854464,0.0012989806781137795,0.0,0.0016584000185723242,1.797096702292723e-08,0.001658417989539347,1.7970967022927232e-07,0.0016585797282425536,1.7970967022927232e-06,0.0016601971152746169
25585.43143812709,1279271.5719063545,7.245097470620611,0.00036225487353103055,0.001309228603750204,0.0,0.0016714834772812346,1.8112743676551525e-08,0.0016715015900249112,1.811274367655153e-07,0.001671664604718,1.8112743676551529e-06,0.0016732947516488897
25685.76254180602,1284288.127090301,7.302030955019539,0.000365101547750977,0.0013195167947080905,0.0,0.0016846183424590675,1.825507738754885e-08,0.001684636597536455,1.825507738754885e-07,0.001684800893232943,1.825507738754885e-06,0.0016864438501978224
25786.09364548495,1289304.6822742475,7.35918726236768,0.000367959363118384,0.0013298452509874386,0.0,0.0016978046141058226,1.8397968155919198e-08,0.0016978230120739785,1.83979681559192e-07,0.0016979885937873818,1.83979681559192e-06,0.0016996444109214145
25886.424749163878,1294321.237458194,7.416566392665025,0.00037082831963325126,0.0013402139725882483,0.0,0.0017110422922214995,1.8541415981662565e-08,0.001711060833637481,1.8541415981662567e-07,0.0017112277063813161,1.8541415981662568e-06,0.0017128964338196657
25986.75585284281,1299337.7926421405,7.474168345911583,0.0003737084172955791,0.00135062295951052,0.0,0.001724331376806099,1.8685420864778956e-08,0.001724350062226964,1.868542086477896e-07,0.0017245182310147468,1.868542086477896e-06,0.001726199918892577
26087.08695652174,1304354.347826087,7.531993122107346,0.0003765996561053673,0.0013610722117542533,0.0,0.0017376718678596206,1.8829982805268368e-08,0.0017376906978424258,1.882998280526837e-07,0.0017378601676876734,1.8829982805268368e-06,0.0017395548661401474
26187.418060200667,1309370.9030100333,7.590040721252318,0.00037950203606261593,0.0013715617293194482,0.0,0.0017510637653820641,1.8975101803130795e-08,0.0017510827404838673,1.8975101803130798e-07,0.0017512535164000954,1.8975101803130796e-06,0.001752961275562377
26287.7491638796,1314387.45819398,7.648311143346502,0.0003824155571673251,0.001382091512206105,0.0,0.0017645070693734302,1.9120777858366253e-08,0.0017645261901512886,1.9120777858366257e-07,0.0017646982771520139,1.9120777858366255e-06,0.0017664191471592667
26388.08026755853,1319404.0133779265,7.7068043883898945,0.00038534021941949475,0.0013926615604142236,0.0,0.0017780017798337184,1.9267010970974735e-08,0.0017780210468446894,1.9267010970974737e-07,0.001778194449943428,1.9267010970974738e-06,0.0017799284809308159
26488.411371237456,1324420.5685618727,7.7655204563824896,0.00038827602281912447,0.0014032718739438036,0.0,0.0017915478967629281,1.9413801140956222e-08,0.001791567310564069,1.9413801140956224e-07,0.0017917420347743377,1.9413801140956226e-06,0.0017934892768770238
26588.742474916387,1329437.1237458193,7.8244593473243,0.00039122296736621495,0.0014139224527948456,0.0,0.0018051454201610606,1.956114836831075e-08,0.001805164981309429,1.9561148368310753e-07,0.0018053410316447437,1.956114836831075e-06,0.0018071015349978917
26689.07357859532,1334453.678929766,7.883621061215318,0.0003941810530607659,0.0014246132969673495,0.0,0.0018187943500281153,1.9709052653038293e-08,0.0018188140590807683,1.9709052653038297e-07,0.0018189914405546458,1.9709052653038294e-06,0.0018207652552934192
26789.404682274246,1339470.2341137123,7.943005598055543,0.00039715027990277715,0.0014353444064613145,0.0,0.0018324946863640917,1.985751399513886e-08,0.0018325145438780868,1.9857513995138862e-07,0.001832693261504043,1.985751399513886e-06,0.0018344804377636056
26889.735785953177,1344486.7892976587,8.002612957844978,0.0004001306478922488,0.0014461157812767416,0.0,0.0018462464291689904,2.0006532394612442e-08,0.001846266435701385,2.0006532394612447e-07,0.0018464464944929365,2.0006532394612447e-06,0.0018482470824084517
26990.066889632108,1349503.3444816053,8.062443140583621,0.00040312215702918106,0.0014569274214136308,0.0,0.0018600495784428118,2.015610785145905e-08,0.0018600697345506631,2.0156107851459055e-07,0.0018602511395213264,2.015610785145905e-06,0.0018620651892279577
27090.397993311035,1354519.8996655517,8.122496146271473,0.00040612480731357363,0.001467779326871981,0.0,0.0018739041341855546,2.0306240365678685e-08,0.0018739244404259202,2.0306240365678686e-07,0.0018741071965892113,2.0306240365678687e-06,0.0018759347582221226
27190.729096989966,1359536.4548494983,8.182771974908535,0.00040913859874542675,0.0014786714976517935,0.0,0.0018878100963972202,2.0456929937271334e-08,0.0018878305533271576,2.0456929937271338e-07,0.001888014665696593,2.045692993727134e-06,0.0018898557893909473
27291.060200668897,1364553.0100334447,8.243270626494803,0.0004121635313247402,0.0014896039337530676,0.0,0.0019017674650778078,2.0608176566237007e-08,0.001901788073254374,2.060817656623701e-07,0.0019019735468434702,2.0608176566237008e-06,0.0019038282827344316
27391.391304347824,1369569.5652173911,8.30399210103028,0.00041519960505151404,0.0015005766351758032,0.0,0.0019157762402273173,2.07599802525757e-08,0.00191579700020757,2.0759980252575703e-07,0.001915983840029843,2.07599802525757e-06,0.0019178522382525748
27491.722408026755,1374586.1204013377,8.36493639851497,0.00041824681992574844,0.0015115896019200009,0.0,0.0019298364218457492,2.0912340996287423e-08,0.0019298573341867454,2.0912340996287427e-07,0.0019300455452557121,2.0912340996287425e-06,0.0019319276559453778
27592.053511705686,1379602.6755852844,8.426103518948867,0.0004213051759474434,0.00152264283398566,0.0,0.0019439480099331034,2.1065258797372166e-08,0.0019439690751919007,2.106525879737217e-07,0.0019441586625210771,2.106525879737217e-06,0.0019460545358128407
27692.384615384613,1384619.2307692308,8.48749346233197,0.0004243746731165985,0.0015337363313727807,0.0,0.001958111004489379,2.1218733655829928e-08,0.001958132223223035,2.1218733655829931e-07,0.0019583231918259376,2.121873365582993e-06,0.001960232877854962
27792.715719063544,1389635.7859531771,8.549106228664282,0.00042745531143321416,0.0015448700940813636,0.0,0.0019723254055145777,2.1372765571660706e-08,0.0019723467782801494,2.137276557166071e-07,0.0019725391331702944,2.137276557166071e-06,0.001974462682071744
27893.046822742475,1394652.3411371238,8.610941817945807,0.00043054709089729033,0.0015560441221114081,0.0,0.0019865912130086986,2.152735454486452e-08,0.0019866127403632434,2.1527354544864523e-07,0.001986806486554147,2.152735454486452e-06,0.001988743948463185
27993.377926421403,1399668.8963210701,8.673000230176537,0.0004336500115088268,0.001567258415462914,0.0,0.002000908426971741,2.1682500575441344e-08,0.0020009301094723164,2.1682500575441347e-07,0.0020011252519774956,2.1682500575441344e-06,0.002003076677029285
28093.709030100334,1404685.4515050165,8.735281465356476,0.00043676407326782374,0.001578512974135882,0.0,0.0020152770474037057,2.183820366339119e-08,0.002015298885607369,2.1838203663391192e-07,0.0020154954294403396,2.183820366339119e-06,0.002017460867770045
28194.040133779265,1409702.0066889632,8.797785523485626,0.00043988927617428125,0.0015898077981303118,0.0,0.002029697074304593,2.1994463808714064e-08,0.0020297190687684017,2.1994463808714064e-07,0.00202991701894268,2.1994463808714065e-06,0.0020318965206854644
28294.371237458192,1414718.5618729095,8.860512404563982,0.0004430256202281991,0.0016011428874462027,0.0,0.002044168507674402,2.215128101140996e-08,0.0020441906589554132,2.215128101140996e-07,0.002044390020484516,2.2151281011409958e-06,0.002046383635775543
28394.702341137123,1419735.1170568562,8.923462108591549,0.0004461731054295775,0.001612518242083556,0.0,0.0020586913475131334,2.2308655271478874e-08,0.002058713656168405,2.2308655271478877e-07,0.002058914434065848,2.2308655271478874e-06,0.0020609222130402814
28495.033444816054,1424751.6722408026,8.986634635568324,0.00044933173177841615,0.001623933862042371,0.0,0.002073265593820787,2.246658658892081e-08,0.002073288060407376,2.2466586588920814e-07,0.0020734902596866766,2.2466586588920813e-06,0.0020755122524796794
28595.36454849498,1429768.227424749,9.050029985494305,0.0004525014992747153,0.001635389747322647,0.0,0.0020878912465973625,2.2625074963735763e-08,0.002087913871672326,2.2625074963735764e-07,0.002088117497347,2.2625074963735763e-06,0.002090153754093736
28695.695652173912,1434784.7826086956,9.1136481583695,0.00045568240791847494,0.0016468858979243855,0.0,0.0021025683058428606,2.278412039592375e-08,0.0021025910899632565,2.2784120395923753e-07,0.0021027961470468197,2.2784120395923753e-06,0.0021048467178824528
28796.026755852843,1439801.3377926422,9.177489154193903,0.0004588744577096952,0.0016584223138475856,0.0,0.002117296771557281,2.2943722885484757e-08,0.0021173197152801666,2.294372288548476e-07,0.0021175262087861357,2.294372288548476e-06,0.0021195911438458294
28896.357859531774,1444817.8929765886,9.241552972967511,0.00046207764864837555,0.0016699989950922475,0.0,0.002132076643740623,2.310388243241878e-08,0.002132099747623055,2.3103882432418784e-07,0.0021323076825649472,2.310388243241878e-06,0.002134387031983865
28996.6889632107,1449834.448160535,9.30583961469033,0.00046529198073451644,0.0016816159416583704,0.0,0.002146907922392887,2.3264599036725825e-08,0.0021469311869919236,2.3264599036725826e-07,0.002147140568383254,2.3264599036725827e-06,0.0021492343822965593
29097.020066889632,1454851.0033444816,9.370349079362358,0.0004685174539681179,0.0016932731535459558,0.0,0.0021617906075140736,2.3425872698405895e-08,0.002161814033386772,2.3425872698405897e-07,0.0021620248662410574,2.3425872698405897e-06,0.002164133194783914
29197.351170568563,1459867.5585284282,9.435081366983596,0.0004717540683491798,0.001704970630755003,0.0,0.0021767246991041826,2.3587703417458987e-08,0.0021767482868076003,2.358770341745899e-07,0.0021769605761383574,2.358770341745899e-06,0.0021790834694459284
29297.68227424749,1464884.1137123746,9.50003647755404,0.000475001823877702,0.0017167083732855112,0.0,0.002191710197163213,2.3750091193885097e-08,0.0021917339472544073,2.3750091193885103e-07,0.002191947698075152,2.37500911938851e-06,0.002194085206282602
29398.01337792642,1469900.668896321,9.565214411073692,0.0004782607205536846,0.0017284863811374816,0.0,0.002206747101691166,2.3913036027684228e-08,0.002206771014727194,2.391303602768423e-07,0.002206986232051443,2.391303602768423e-06,0.0022091384052939345
29498.344481605352,1474917.2240802676,9.630615167542556,0.00048153075837712784,0.0017403046543109139,0.0,0.002221835412688042,2.407653791885639e-08,0.0022218594892259606,2.4076537918856396e-07,0.0022220761780672306,2.4076537918856395e-06,0.0022242430664799273
29598.67558528428,1479933.779264214,9.696238746960628,0.00048481193734803136,0.0017521631928058073,0.0,0.0022369751301538386,2.424059686740157e-08,0.002236999370750706,2.424059686740157e-07,0.002237217536122513,2.424059686740157e-06,0.002239399189840579
29699.00668896321,1484950.3344481606,9.762085149327909,0.0004881042574663954,0.001764061996622163,0.0,0.0022521662540885582,2.440521287331977e-08,0.0022521906593014314,2.4405212873319776e-07,0.0022524103062172914,2.4405212873319776e-06,0.0022546067753758904
29799.33779264214,1489966.889632107,9.828154374644395,0.0004914077187322197,0.0017760010657599805,0.0,0.0022674087844922,2.457038593661099e-08,0.002267433354878137,2.4570385936610993e-07,0.0022676544883515662,2.457038593661099e-06,0.0022698658230858614
29899.66889632107,1494983.4448160534,9.894446422910093,0.0004947223211455046,0.0017879804002192592,0.0,0.0022827027213647637,2.473611605727523e-08,0.002282727457480821,2.4736116057275234e-07,0.0022829500825253366,2.4736116057275234e-06,0.0022851763329704913
30000.0,1500000.0,9.960961294125001,0.0004980480647062501,0.0018,0.0,0.00229804806470625,2.4902403235312502e-08,0.0022980729671094853,2.49024032353125e-07,0.002298297088738603,2.4902403235312503e-06,0.0023005383050297814
